freq,unit,tra_meas,tra_cov,schedule,geo\TIME_PERIOD	1993-01 	1993-02 	1993-03 	1993-04 	1993-05 	1993-06 	1993-07 	1993-08 	1993-09 	1993-10 	1993-11 	1993-12 	1994-01 	1994-02 	1994-03 	1994-04 	1994-05 	1994-06 	1994-07 	1994-08 	1994-09 	1994-10 	1994-11 	1994-12 	1995-01 	1995-02 	1995-03 	1995-04 	1995-05 	1995-06 	1995-07 	1995-08 	1995-09 	1995-10 	1995-11 	1995-12 	1996-01 	1996-02 	1996-03 	1996-04 	1996-05 	1996-06 	1996-07 	1996-08 	1996-09 	1996-10 	1996-11 	1996-12 	1997-01 	1997-02 	1997-03 	1997-04 	1997-05 	1997-06 	1997-07 	1997-08 	1997-09 	1997-10 	1997-11 	1997-12 	1998-01 	1998-02 	1998-03 	1998-04 	1998-05 	1998-06 	1998-07 	1998-08 	1998-09 	1998-10 	1998-11 	1998-12 	1999-01 	1999-02 	1999-03 	1999-04 	1999-05 	1999-06 	1999-07 	1999-08 	1999-09 	1999-10 	1999-11 	1999-12 	2000-01 	2000-02 	2000-03 	2000-04 	2000-05 	2000-06 	2000-07 	2000-08 	2000-09 	2000-10 	2000-11 	2000-12 	2001-01 	2001-02 	2001-03 	2001-04 	2001-05 	2001-06 	2001-07 	2001-08 	2001-09 	2001-10 	2001-11 	2001-12 	2002-01 	2002-02 	2002-03 	2002-04 	2002-05 	2002-06 	2002-07 	2002-08 	2002-09 	2002-10 	2002-11 	2002-12 	2003-01 	2003-02 	2003-03 	2003-04 	2003-05 	2003-06 	2003-07 	2003-08 	2003-09 	2003-10 	2003-11 	2003-12 	2004-01 	2004-02 	2004-03 	2004-04 	2004-05 	2004-06 	2004-07 	2004-08 	2004-09 	2004-10 	2004-11 	2004-12 	2005-01 	2005-02 	2005-03 	2005-04 	2005-05 	2005-06 	2005-07 	2005-08 	2005-09 	2005-10 	2005-11 	2005-12 	2006-01 	2006-02 	2006-03 	2006-04 	2006-05 	2006-06 	2006-07 	2006-08 	2006-09 	2006-10 	2006-11 	2006-12 	2007-01 	2007-02 	2007-03 	2007-04 	2007-05 	2007-06 	2007-07 	2007-08 	2007-09 	2007-10 	2007-11 	2007-12 	2008-01 	2008-02 	2008-03 	2008-04 	2008-05 	2008-06 	2008-07 	2008-08 	2008-09 	2008-10 	2008-11 	2008-12 	2009-01 	2009-02 	2009-03 	2009-04 	2009-05 	2009-06 	2009-07 	2009-08 	2009-09 	2009-10 	2009-11 	2009-12 	2010-01 	2010-02 	2010-03 	2010-04 	2010-05 	2010-06 	2010-07 	2010-08 	2010-09 	2010-10 	2010-11 	2010-12 	2011-01 	2011-02 	2011-03 	2011-04 	2011-05 	2011-06 	2011-07 	2011-08 	2011-09 	2011-10 	2011-11 	2011-12 	2012-01 	2012-02 	2012-03 	2012-04 	2012-05 	2012-06 	2012-07 	2012-08 	2012-09 	2012-10 	2012-11 	2012-12 	2013-01 	2013-02 	2013-03 	2013-04 	2013-05 	2013-06 	2013-07 	2013-08 	2013-09 	2013-10 	2013-11 	2013-12 	2014-01 	2014-02 	2014-03 	2014-04 	2014-05 	2014-06 	2014-07 	2014-08 	2014-09 	2014-10 	2014-11 	2014-12 	2015-01 	2015-02 	2015-03 	2015-04 	2015-05 	2015-06 	2015-07 	2015-08 	2015-09 	2015-10 	2015-11 	2015-12 	2016-01 	2016-02 	2016-03 	2016-04 	2016-05 	2016-06 	2016-07 	2016-08 	2016-09 	2016-10 	2016-11 	2016-12 	2017-01 	2017-02 	2017-03 	2017-04 	2017-05 	2017-06 	2017-07 	2017-08 	2017-09 	2017-10 	2017-11 	2017-12 	2018-01 	2018-02 	2018-03 	2018-04 	2018-05 	2018-06 	2018-07 	2018-08 	2018-09 	2018-10 	2018-11 	2018-12 	2019-01 	2019-02 	2019-03 	2019-04 	2019-05 	2019-06 	2019-07 	2019-08 	2019-09 	2019-10 	2019-11 	2019-12 	2020-01 	2020-02 	2020-03 	2020-04 	2020-05 	2020-06 	2020-07 	2020-08 	2020-09 	2020-10 	2020-11 	2020-12 	2021-01 
M,PAS,PAS_CRD,TOTAL,TOT,AT	: 	: 	: 	: 	: 	: 	: 	: 	: 	: 	: 	: 	: 	: 	: 	: 	: 	: 	: 	: 	: 	: 	: 	: 	: 	: 	: 	: 	: 	: 	: 	: 	: 	: 	: 	: 	: 	: 	: 	: 	: 	: 	: 	: 	: 	: 	: 	: 	: 	: 	: 	: 	: 	: 	: 	: 	: 	: 	: 	: 	: 	: 	: 	: 	: 	: 	: 	: 	: 	: 	: 	: 	: 	: 	: 	: 	: 	: 	: 	: 	: 	: 	: 	: 	: 	: 	: 	: 	: 	: 	: 	: 	: 	: 	: 	: 	: 	: 	: 	: 	: 	: 	: 	: 	: 	: 	: 	: 	922533 	955778 	1170101 	1127261 	1297798 	1473653 	1541140 	1566658 	1497293 	1299033 	1048688 	1043829 	1064226 	1051790 	1169401 	1124827 	1257704 	1508723 	1608902 	1671281 	1567715 	1407540 	1171212 	1195331 	1199132 	1218986 	1346655 	1429080 	1582546 	1719314 	1912868 	1889080 	1817173 	1578132 	1293256 	1310390 	1305690 	1276452 	1524609 	1494534 	1730998 	1848362 	2081151 	1984823 	1956124 	1681956 	1384661 	1415462 	1429165 	1400385 	1601234 	1677498 	1791334 	1964460 	2131217 	2058357 	2018864 	1759013 	1457363 	1535643 	1540876 	1547059 	1830259 	1801215 	1920593 	2105868 	2270779 	2241718 	2180739 	1977355 	1753531 	1756112 	1722051 	1807226 	2113381 	1955301 	2139815 	2233935 	2323552 	2307779 	2182811 	1936078 	1584923 	1592732 	1553484 	1516246 	1741349 	1782854 	1856949 	1966868 	2177365 	2122960 	2030273 	1873276 	1575004 	1620639 	1616764 	1594077 	1908254 	1624357 	2080848 	2151684 	2401499 	2356612 	2280317 	2085698 	1740819 	1691526 	1711330 	1667770 	1977449 	2015846 	2192972 	2279147 	2553335 	2461844 	2442374 	2169417 	1825947 	1840181 	1801994 	1810625 	2133740 	2144869 	2253364 	2394370 	2545147 	2493086 	2502746 	2215188 	1827408 	1843440 	1762653 	1733910 	2150535 	2029996 	2239011 	2408193 	2513804 	2537606 	2451674 	2230866 	1817948 	1873528 	1807004 	1779141 	2108523 	2189347 	2330573 	2483100 	2571197 	2645521 	2519181 	2267695 	1806834 	1870560 	1751044 	1718104 	2100017 	2182653 	2363428 	2520214 	2739213 	2775665 	2622134 	2279362 	1843174 	1858999 	1770425 	1780026 	2151897 	2099280 	2373298 	2450672 	2776608 	2723254 	2665489 	2398405 	1946072 	2046085 	1887141 	1867912 	2198600 	2425716 	2497696 	2614609 	2871073 	2807833 	2734285 	2424628 	1947157 	2050629 	1905331 	1937152 	2404430 	2442085 	2585884 	2822571 	3085491 	3143286 	3028317 	2842107 	2396286 	2545477 	2285034 	2349892 	2871838 	2978376 	3038394 	3314289 	3504875 	3511121 	3306004 	3095301 	2591272 	2797792 	2559973 	2536893 	1006487 	12868 	21197 	141631 	612959 	854823 	604214 	403375 	182929 	231082 	: 
M,PAS,PAS_CRD,TOTAL,TOT,BE	: 	: 	: 	: 	: 	: 	: 	: 	: 	: 	: 	: 	: 	: 	: 	: 	: 	: 	: 	: 	: 	: 	: 	: 	: 	: 	: 	: 	: 	: 	: 	: 	: 	: 	: 	: 	: 	: 	: 	: 	: 	: 	: 	: 	: 	: 	: 	: 	: 	: 	: 	: 	: 	: 	: 	: 	: 	: 	: 	: 	: 	: 	: 	: 	: 	: 	: 	: 	: 	: 	: 	: 	: 	: 	: 	: 	: 	: 	: 	: 	: 	: 	: 	: 	: 	: 	: 	: 	: 	: 	: 	: 	: 	: 	: 	: 	: 	: 	: 	: 	: 	: 	: 	: 	: 	: 	: 	: 	79679 	859325 	1076168 	1178498 	1297000 	1299633 	1531905 	1497043 	1451559 	1329962 	1019750 	938440 	904519 	917218 	1099772 	1269341 	1315159 	1435306 	1641521 	1611542 	1477390 	1364402 	1070423 	989286 	1048044 	1126142 	1290226 	1509387 	1577769 	1573427 	1883096 	1773196 	1712633 	1527263 	1278950 	1168370 	1025928 	1135868 	1307341 	1518784 	1624533 	1647288 	1935586 	1828391 	1753405 	1561327 	1301438 	1174054 	1148009 	1174598 	1417005 	1677807 	1775790 	1778551 	2056803 	1929181 	1859267 	1689298 	1392535 	1255829 	1226617 	1250092 	1554827 	1742340 	1837109 	1882832 	2233117 	2124836 	2035728 	1865508 	1584963 	1467486 	1386698 	1475935 	1734538 	1889593 	2025893 	2023912 	2326377 	2232114 	2084813 	1886223 	1521292 	1396295 	1242075 	1269093 	1537116 	1874276 	1921654 	1954362 	2304139 	2236463 	2031472 	1880843 	1593582 	1471615 	1337584 	1397881 	1678130 	1544861 	2078077 	2093415 	2487914 	2407821 	2217019 	2141503 	1757811 	1555748 	1501419 	1472013 	1870073 	2141705 	2282020 	2303327 	2709542 	2571801 	2507760 	2259696 	1810841 	1672498 	1534946 	1586685 	1906186 	2236235 	2353375 	2408452 	2828842 	2712545 	2555419 	2276696 	1829209 	1690925 	1554914 	1555965 	1932190 	2261127 	2408826 	2460324 	2835828 	2785575 	2593195 	2342300 	1864727 	1794956 	1638700 	1608226 	2004797 	2505099 	2619815 	2683507 	3065902 	3103037 	2872608 	2618148 	2107419 	1949000 	1817576 	1856334 	2209413 	2660132 	2859581 	2855538 	3281630 	3260405 	3043615 	2823646 	2238354 	2052617 	1966259 	2089083 	1936776 	2005251 	2703577 	2736786 	3213462 	3133437 	2990813 	2767036 	2318544 	2254808 	2064270 	2083035 	2462550 	2891115 	2983022 	2986272 	3468159 	3408657 	3202473 	2982388 	2422231 	2306321 	2190383 	2194321 	2590913 	3062128 	3092460 	3110741 	3555992 	3496343 	3259277 	2992470 	2540218 	2421063 	2253327 	2187148 	2643934 	3107492 	3102755 	3257996 	3650171 	3570657 	3325409 	3120567 	2611508 	2554224 	2340520 	2345828 	1058082 	17596 	22975 	109685 	795201 	935379 	580349 	472460 	324998 	: 	: 
M,PAS,PAS_CRD,TOTAL,TOT,BG	: 	: 	: 	: 	: 	: 	: 	: 	: 	: 	: 	: 	: 	: 	: 	: 	: 	: 	: 	: 	: 	: 	: 	: 	: 	: 	: 	: 	: 	: 	: 	: 	: 	: 	: 	: 	: 	: 	: 	: 	: 	: 	: 	: 	: 	: 	: 	: 	: 	: 	: 	: 	: 	: 	: 	: 	: 	: 	: 	: 	: 	: 	: 	: 	: 	: 	: 	: 	: 	: 	: 	: 	: 	: 	: 	: 	: 	: 	: 	: 	: 	: 	: 	: 	: 	: 	: 	: 	: 	: 	: 	: 	: 	: 	: 	: 	: 	: 	: 	: 	: 	: 	: 	: 	: 	: 	: 	: 	: 	: 	: 	: 	: 	: 	: 	: 	: 	: 	: 	: 	: 	: 	: 	: 	: 	: 	: 	: 	: 	: 	: 	: 	: 	: 	: 	: 	: 	: 	: 	: 	: 	: 	: 	: 	: 	: 	: 	: 	: 	: 	: 	: 	: 	: 	: 	: 	: 	: 	: 	: 	: 	: 	: 	: 	: 	: 	: 	: 	219940 	195346 	229114 	237480 	416286 	858324 	1163949 	1163998 	815091 	319476 	207164 	246189 	240868 	239511 	275083 	269281 	472013 	888061 	1152527 	1205260 	829599 	352803 	232781 	260205 	273223 	239638 	260743 	273385 	414321 	777707 	1041931 	1072533 	688883 	312347 	226626 	259488 	273780 	242626 	273116 	245311 	424416 	794101 	1147747 	1168521 	733968 	348654 	247081 	270002 	281190 	255290 	288958 	315771 	452652 	872497 	1261908 	1257769 	806260 	339600 	245788 	274324 	276870 	248309 	288098 	318565 	438227 	946489 	1337258 	1306449 	795693 	333363 	253041 	276741 	279656 	252029 	294684 	309296 	479412 	983674 	1349921 	1360860 	844583 	356604 	271842 	296731 	298853 	274571 	314591 	350849 	511137 	1080830 	1396172 	1452946 	852992 	383929 	290550 	313277 	311991 	286718 	324201 	362523 	501317 	975825 	1390599 	1452396 	921961 	427016 	315488 	340914 	352207 	334689 	366203 	411154 	622014 	1171437 	1699632 	1684644 	1172583 	562726 	452109 	494819 	493259 	480657 	544316 	615682 	767812 	1384824 	1902159 	1882109 	1304988 	670632 	507080 	539133 	544718 	509648 	609762 	704504 	918353 	1569255 	2050117 	1998177 	1400679 	735296 	529720 	567485 	570956 	536254 	618037 	678527 	877009 	1455157 	1866085 	1885574 	1290977 	717317 	584000 	633175 	620438 	596013 	293130 	29572 	77248 	156857 	438020 	543762 	404993 	267838 	134256 	166890 	: 
M,PAS,PAS_CRD,TOTAL,TOT,CH	1338447 	1216021 	1403092 	1538027 	1548424 	1551152 	1789519 	1751247 	1709595 	1754990 	1237592 	1301734 	1396350 	1269124 	1573372 	1620582 	1628018 	1656824 	1954147 	1849682 	1801741 	1870487 	1323167 	1413840 	1444205 	1311831 	1617420 	1783929 	1709864 	1785752 	2008394 	1927468 	1946424 	2051859 	1425503 	1488703 	1465134 	1448956 	1767027 	1789292 	1799654 	1877495 	2041640 	2052332 	1992942 	2034477 	1504936 	1555154 	1559132 	1523962 	1919826 	1918637 	2000985 	2052443 	2296555 	2331858 	2220137 	2222394 	1649161 	1680580 	1702214 	1630026 	1970854 	2125685 	2092520 	2188937 	2422560 	2422024 	2315559 	2303968 	1756503 	1810770 	1911549 	1792892 	2198779 	2157983 	2234179 	2275050 	2632226 	2624085 	2497685 	2738864 	1984426 	1960126 	: 	: 	: 	: 	: 	: 	: 	: 	: 	: 	: 	: 	: 	: 	: 	: 	: 	: 	: 	: 	: 	: 	: 	: 	: 	: 	: 	: 	: 	: 	: 	: 	: 	: 	: 	: 	: 	: 	: 	: 	: 	: 	: 	: 	: 	: 	: 	: 	1972908 	1975474 	2222102 	2240477 	2112621 	2249176 	2553228 	2459186 	2375166 	2451180 	1902085 	2054285 	2188647 	2069842 	2519743 	2387613 	2347629 	2433265 	2826645 	2678630 	2555870 	2596525 	2041214 	2230702 	2297852 	2229366 	2647872 	2706519 	2643207 	2764107 	3053600 	2948475 	2850288 	2862370 	2279527 	2546470 	2529280 	2490465 	2999644 	2897957 	2808333 	2944037 	3325140 	3219278 	3061745 	3089274 	2484738 	2687807 	2681772 	2780846 	3306070 	3034362 	3132110 	3156183 	3516853 	3481984 	3177284 	3196988 	2488567 	2642716 	2633310 	2524434 	2928961 	3047449 	2950766 	3109528 	3476008 	3435023 	3150301 	3284448 	2599284 	2788657 	2785005 	2715644 	3201375 	2606965 	3118248 	3212916 	3709175 	3618005 	3416506 	3567398 	2795241 	2869481 	3061425 	2934135 	3386536 	3450976 	3458412 	3599495 	4129196 	3869388 	3688245 	3766686 	2910281 	3185073 	3145106 	3135106 	3624391 	3681223 	3633333 	3766339 	4239321 	4091271 	3860268 	3822673 	3017753 	3219302 	3161475 	3144838 	3788887 	3724740 	3803698 	3873201 	4312013 	4256793 	3935600 	3913911 	3024018 	3278394 	3238296 	3172123 	3760274 	3906753 	3869086 	4096298 	4497861 	4603622 	4185618 	4205245 	3148870 	3443380 	3337185 	3280428 	3889314 	4048758 	4141957 	4161984 	4790693 	4805848 	4362164 	4375051 	3310528 	3522465 	3491008 	3543955 	4085372 	4107853 	4347627 	4305416 	5079927 	4978179 	4568881 	4678885 	3453343 	3865046 	3716220 	3703479 	4314174 	4652715 	4495142 	4719822 	5354150 	5247904 	4874610 	4875555 	3596127 	4015045 	3831561 	3840283 	4561918 	4864104 	4788200 	4907137 	5535996 	5519264 	5094674 	5123223 	3828687 	4244502 	3990345 	3958347 	4710650 	4948984 	4853106 	5160769 	5621555 	5585170 	5108332 	5101639 	3829064 	4326367 	4076384 	3968157 	1790567 	30665 	56059 	276354 	1276911 	1620194 	1042186 	: 	: 	: 	: 
M,PAS,PAS_CRD,TOTAL,TOT,CY	: 	: 	: 	: 	: 	: 	: 	: 	: 	: 	: 	: 	: 	: 	: 	: 	: 	: 	: 	: 	: 	: 	: 	: 	: 	: 	: 	: 	: 	: 	: 	: 	: 	: 	: 	: 	: 	: 	: 	: 	: 	: 	: 	: 	: 	: 	: 	: 	: 	: 	: 	: 	: 	: 	: 	: 	: 	: 	: 	: 	: 	: 	: 	: 	: 	: 	: 	: 	: 	: 	: 	: 	: 	: 	: 	: 	: 	: 	: 	: 	: 	: 	: 	: 	: 	: 	: 	: 	: 	: 	: 	: 	: 	: 	: 	: 	: 	: 	: 	: 	: 	: 	: 	: 	: 	: 	: 	: 	: 	: 	: 	: 	: 	: 	: 	: 	: 	: 	: 	: 	: 	: 	: 	: 	: 	: 	: 	: 	: 	: 	: 	: 	60289 	72092 	110355 	142727 	166546 	178276 	176080 	191046 	198132 	725863 	358454 	280911 	271907 	249254 	393344 	505740 	691181 	716758 	857922 	950424 	752843 	764309 	354038 	274801 	271778 	238505 	334965 	556059 	677877 	707028 	903067 	908937 	755540 	746873 	339678 	273795 	272765 	252100 	363519 	539168 	653106 	724139 	907289 	985735 	841408 	775937 	363732 	325417 	278581 	279810 	384602 	529463 	693103 	800321 	929745 	1018344 	824113 	764407 	392637 	322958 	274360 	249101 	336373 	559625 	641753 	714840 	860358 	926662 	779469 	700898 	370990 	315358 	278911 	258954 	387542 	462592 	672133 	758152 	889878 	982499 	824678 	760881 	374529 	297539 	274777 	256350 	350331 	569003 	697392 	798809 	969820 	1015203 	837728 	770287 	363486 	287201 	264784 	255273 	326936 	560623 	698223 	853578 	991330 	1038076 	910215 	803838 	352527 	272897 	232222 	204904 	313984 	468845 	738059 	840135 	940066 	972178 	894754 	790568 	348935 	266787 	246258 	229216 	306090 	534378 	745245 	873571 	1008904 	1063336 	881034 	772630 	370760 	297124 	266901 	245305 	341318 	566410 	761100 	848491 	1042322 	1092384 	938495 	762881 	405956 	319224 	290900 	283688 	416466 	602240 	901195 	1011528 	1218730 	1260117 	1096334 	1007761 	485768 	387090 	364542 	347714 	466747 	780519 	1011924 	1159991 	1361752 	1403953 	1242078 	1129451 	547681 	422561 	387747 	386143 	559023 	847806 	1084157 	1253226 	1413909 	1471489 	1313899 	1165086 	580128 	464488 	421821 	410208 	564040 	864105 	1128899 	1293838 	1434271 	1483105 	1323131 	1194798 	626571 	516623 	459432 	446049 	230760 	6462 	9690 	40640 	197426 	295724 	244498 	: 	: 	: 	: 
M,PAS,PAS_CRD,TOTAL,TOT,CZ	: 	: 	: 	: 	: 	: 	: 	: 	: 	: 	: 	: 	: 	: 	: 	: 	: 	: 	: 	: 	: 	: 	: 	: 	: 	: 	: 	: 	: 	: 	: 	: 	: 	: 	: 	: 	: 	: 	: 	: 	: 	: 	: 	: 	: 	: 	: 	: 	: 	: 	: 	: 	: 	: 	: 	: 	: 	: 	: 	: 	: 	: 	: 	: 	: 	: 	: 	: 	: 	: 	: 	: 	: 	: 	: 	: 	: 	: 	: 	: 	: 	: 	: 	: 	: 	: 	: 	: 	: 	: 	: 	: 	: 	: 	: 	: 	: 	: 	: 	: 	: 	: 	: 	: 	: 	: 	: 	: 	: 	: 	: 	: 	: 	: 	: 	: 	: 	: 	: 	: 	: 	: 	: 	: 	: 	: 	: 	: 	: 	: 	: 	: 	: 	: 	: 	2523 	4189 	24626 	1109337 	1131621 	1069663 	928211 	748502 	720838 	644381 	605210 	806423 	844417 	966537 	1138295 	1275469 	1278005 	1185829 	1003575 	776061 	741562 	659019 	623080 	804206 	963037 	1041517 	1227959 	1363682 	1400599 	1303883 	1082521 	848672 	853060 	725607 	736761 	943419 	1028328 	1095342 	1280357 	1419195 	1457509 	1367693 	1155617 	969129 	919184 	778685 	800424 	1016272 	1042433 	1198767 	1384172 	1501406 	1545867 	1411733 	1119218 	832911 	797261 	670859 	640527 	835976 	981167 	1031799 	1234785 	1447315 	1473838 	1291327 	1052787 	854634 	852453 	714916 	685925 	887087 	816449 	1050300 	1203284 	1412454 	1431857 	1316832 	1128032 	824180 	771070 	690029 	657122 	868443 	1048932 	1138954 	1294393 	1479115 	1462876 	1335896 	1096052 	793317 	785403 	691746 	637832 	826374 	936613 	987057 	1194962 	1349272 	1363301 	1267467 	986916 	760685 	740127 	620302 	582934 	811521 	917915 	1030865 	1243394 	1415407 	1434105 	1299130 	1016833 	761934 	757472 	648635 	606615 	810876 	948014 	1037450 	1265173 	1392495 	1429282 	1317820 	1041200 	799675 	782638 	649303 	638120 	821510 	956678 	1092539 	1328075 	1494935 	1506583 	1358210 	1089549 	871581 	864921 	711611 	722370 	907730 	975675 	1103672 	1348177 	1584206 	1573745 	1478105 	1225588 	994899 	1046584 	868566 	849582 	1072321 	1263891 	1341865 	1616177 	1868592 	1863455 	1732354 	1419400 	1163466 	1185885 	973631 	972451 	1227260 	1369253 	1458690 	1821391 	2094469 	2082987 	1879973 	1513421 	1200038 	1244657 	1015592 	1011909 	1269379 	1434249 	1540267 	1925827 	2171017 	2196935 	1993067 	1643154 	1282563 	1348737 	1088657 	1037299 	444914 	4672 	7663 	37395 	272997 	377416 	259224 	120624 	67046 	103465 	: 
M,PAS,PAS_CRD,TOTAL,TOT,DE	: 	: 	: 	: 	: 	: 	: 	: 	: 	: 	: 	: 	: 	: 	: 	: 	: 	: 	: 	: 	: 	: 	: 	: 	: 	: 	: 	: 	: 	: 	: 	: 	: 	: 	: 	: 	: 	: 	: 	: 	: 	: 	: 	: 	: 	: 	: 	: 	: 	: 	: 	: 	: 	: 	: 	: 	: 	: 	: 	: 	: 	: 	: 	: 	: 	: 	: 	: 	: 	: 	: 	: 	: 	: 	: 	: 	: 	: 	: 	: 	: 	: 	: 	: 	: 	: 	: 	: 	: 	: 	: 	: 	: 	: 	: 	: 	: 	: 	: 	: 	: 	: 	: 	: 	: 	: 	: 	: 	6875419 	7211267 	9155753 	9064471 	9894566 	10385954 	11228699 	11532533 	11812954 	11235030 	8356214 	7630393 	7953158 	7776470 	9119146 	9279446 	10011785 	10903388 	11604933 	12564581 	12319460 	12007121 	9299098 	8342819 	8413479 	8730866 	10421204 	10675870 	11924284 	12114425 	13145060 	13734489 	13809926 	13571271 	10196304 	9172686 	9246574 	9033146 	11269127 	11647003 	13009582 	13300644 	14463849 	14608672 	14662276 	14199040 	10778423 	9884143 	9703012 	9424905 	11620184 	12701064 	13782101 	14636619 	15230896 	15184374 	15298559 	14599495 	11277211 	10631657 	10319039 	10167109 	12782401 	13107702 	14375827 	15033807 	16283893 	16215054 	16143437 	15756777 	12284085 	11315762 	10938142 	11200455 	13123291 	13549283 	15249943 	15401855 	16396920 	16121924 	15956330 	15440396 	11603290 	10777017 	9948799 	9854594 	11939720 	12980794 	14016620 	14549896 	15921946 	15721894 	15228687 	15227995 	11694721 	11063163 	10206993 	9985787 	13090984 	10879022 	15144847 	15548468 	17048855 	16905822 	16767396 	16654159 	12665076 	11233424 	11076343 	10698666 	13180168 	14225360 	15900122 	16240836 	17716143 	17188516 	17329109 	16808357 	12923012 	12029444 	11336452 	10968126 	13670984 	14556629 	16071844 	16784744 	18231496 	17775789 	17656529 	17074719 	12771018 	11692773 	10931481 	10770018 	13739551 	14557685 	16546922 	17157093 	18268301 	18264238 	18070485 	17533644 	12975666 	11968104 	11325456 	11091453 	13601984 	15024355 	16813839 	17740470 	18487775 	19425021 	18911048 	18004125 	13594679 	12425609 	11708343 	11562591 	14357887 	15683137 	17893241 	18316734 	19625743 	20255751 	19263574 	18926255 	13470542 	12872632 	12226690 	12384170 	15109267 	15798088 	18101677 	18486171 	20428888 	20280099 	20239799 	19660824 	13971638 	13999982 	13146511 	12849806 	15601985 	17906786 	19100564 	19908381 	21788797 	21571733 	21252374 	20230108 	14971010 	14061288 	13356786 	13253657 	16735521 	17975261 	19904627 	20574997 	22589018 	22462326 	22201917 	21741647 	16110325 	15516279 	14177333 	13965763 	17192573 	19190820 	20253183 	21595042 	22839831 	22756833 	22175455 	21573621 	15703175 	15340457 	14069946 	13659950 	6503935 	265803 	397715 	1323571 	4556602 	5618984 	4300025 	3663114 	1547855 	1888478 	1648149 
M,PAS,PAS_CRD,TOTAL,TOT,DK	: 	: 	: 	: 	: 	: 	: 	: 	: 	: 	: 	: 	: 	: 	: 	: 	: 	: 	: 	: 	: 	: 	: 	: 	: 	: 	: 	: 	: 	: 	: 	: 	: 	: 	: 	: 	: 	: 	: 	: 	: 	: 	: 	: 	: 	: 	: 	: 	: 	: 	: 	: 	: 	: 	: 	: 	: 	: 	: 	: 	: 	: 	: 	: 	: 	: 	: 	: 	: 	: 	: 	: 	: 	: 	: 	: 	: 	: 	: 	: 	: 	: 	: 	: 	: 	: 	: 	: 	: 	: 	: 	: 	: 	: 	: 	: 	: 	: 	: 	: 	: 	: 	: 	: 	: 	: 	: 	: 	: 	: 	: 	: 	: 	: 	: 	: 	: 	: 	: 	: 	25839 	24892 	29019 	28695 	32005 	31160 	28297 	32786 	36071 	35379 	30608 	27194 	1315828 	1431742 	1681524 	1709704 	1837448 	2122492 	2113647 	1943053 	1972165 	1893456 	1570401 	1414588 	1425002 	1449587 	1729768 	1745052 	1899660 	2185240 	2257549 	2081875 	2120804 	2053499 	1698409 	1527325 	1489779 	1569499 	1818485 	1847503 	2015465 	2230437 	2347535 	2152095 	2132964 	2075210 	1741024 	1547564 	1603681 	1578206 	1974714 	1849653 	2086775 	2310372 	2467530 	2309221 	2225669 	2183943 	1831651 	1621757 	1716262 	1816294 	2035878 	2031133 	2220757 	2410382 	2525553 	2355498 	2228404 	2144770 	1667976 	1486165 	1453599 	1455301 	1694359 	1817044 	1917861 	2165052 	2329741 	2153211 	2052684 	2060213 	1659869 	1518590 	1536952 	1609497 	1979184 	1466760 	2156567 	2384088 	2626503 	2430125 	2303136 	2347436 	1847455 	1646984 	1666977 	1685808 	1981167 	2077660 	2303621 	2473470 	2715425 	2448579 	2412751 	2349529 	1941968 	1751366 	1763482 	1808489 	2133452 	2167187 	2286827 	2550231 	2751574 	2489658 	2448004 	2406218 	1983282 	1744326 	1760371 	1779638 	2130271 	2223014 	2447827 	2686831 	2896611 	2647637 	2544412 	2507211 	1998403 	1837397 	1828160 	1849478 	2211547 	2477638 	2633488 	2879167 	3066779 	2813026 	2678508 	2651301 	2036340 	1889701 	1854130 	1872931 	2282557 	2402197 	2631635 	2895624 	3195140 	2927393 	2845032 	2822697 	2261523 	2104646 	2064353 	2159939 	2538415 	2569129 	2904048 	3140864 	3480953 	3131773 	3053033 	3042096 	2398470 	2280069 	2208716 	2208467 	2548433 	2736104 	2954722 	3192279 	3531785 	3191707 	3092281 	3030083 	2357263 	2209374 	2183832 	2218270 	2691520 	2841987 	3156768 	3387213 	3686607 	3371061 	3239388 	3147214 	2478048 	2299231 	2233010 	2260089 	2652203 	2884516 	3075631 	3401375 	3640974 	3416166 	3273384 	3168106 	2443406 	2331267 	2247098 	2274056 	978517 	30861 	49903 	171539 	654988 	726795 	561537 	: 	: 	: 	: 
M,PAS,PAS_CRD,TOTAL,TOT,EE	: 	: 	: 	: 	: 	: 	: 	: 	: 	: 	: 	: 	: 	: 	: 	: 	: 	: 	: 	: 	: 	: 	: 	: 	: 	: 	: 	: 	: 	: 	: 	: 	: 	: 	: 	: 	: 	: 	: 	: 	: 	: 	: 	: 	: 	: 	: 	: 	: 	: 	: 	: 	: 	: 	: 	: 	: 	: 	: 	: 	: 	: 	: 	: 	: 	: 	: 	: 	: 	: 	: 	: 	: 	: 	: 	: 	: 	: 	: 	: 	: 	: 	: 	: 	: 	: 	: 	: 	: 	: 	: 	: 	: 	: 	: 	: 	: 	: 	: 	: 	: 	: 	: 	: 	: 	: 	: 	: 	: 	: 	: 	: 	: 	: 	: 	: 	: 	: 	: 	: 	: 	: 	: 	: 	: 	: 	: 	: 	: 	: 	: 	: 	: 	: 	: 	: 	: 	: 	: 	: 	: 	: 	: 	: 	85065 	85205 	104218 	111009 	120272 	136447 	132923 	136068 	132407 	132715 	114572 	102204 	100063 	98509 	125432 	126664 	138741 	150192 	137989 	148901 	142449 	134208 	121077 	108907 	110524 	111159 	137816 	132606 	144700 	164122 	160384 	167764 	164875 	160734 	141092 	126729 	122056 	128992 	151716 	154608 	164670 	174431 	171877 	175725 	163838 	162880 	124648 	108989 	99009 	91136 	113514 	111148 	114900 	126721 	127751 	130153 	118201 	117547 	99473 	91741 	88328 	83729 	109021 	87198 	124222 	138498 	135412 	137726 	133593 	131427 	108565 	103343 	110607 	103790 	136764 	149330 	180284 	186556 	188606 	192778 	185063 	179521 	151528 	142742 	133273 	125804 	163573 	191656 	215075 	224968 	227873 	223484 	208067 	202796 	150764 	135094 	123139 	108612 	143652 	160495 	183407 	200012 	198795 	200405 	190431 	187840 	136779 	124998 	120548 	113710 	149286 	159035 	186132 	200877 	212112 	208671 	195525 	189193 	147570 	137147 	127698 	121827 	162494 	174411 	200502 	217155 	230818 	233652 	207006 	206634 	145370 	133411 	126673 	127811 	157596 	179293 	200537 	224055 	227231 	227497 	214518 	210284 	159672 	159822 	154185 	149119 	184307 	202889 	232518 	258805 	270526 	272676 	264776 	255403 	201932 	188009 	174049 	170810 	209683 	237676 	273840 	298147 	310856 	304734 	283175 	283994 	226791 	221773 	204783 	194398 	230699 	265748 	300446 	316964 	318394 	325152 	310000 	315559 	241243 	234617 	213359 	211228 	103004 	2838 	10370 	24788 	75126 	83837 	43096 	: 	: 	: 	: 
M,PAS,PAS_CRD,TOTAL,TOT,EL	: 	: 	: 	: 	: 	: 	: 	: 	: 	: 	: 	: 	: 	: 	: 	: 	: 	: 	: 	: 	: 	: 	: 	: 	: 	: 	: 	: 	: 	: 	: 	: 	: 	: 	: 	: 	: 	: 	: 	: 	: 	: 	: 	: 	: 	: 	: 	: 	: 	: 	: 	: 	: 	: 	: 	: 	: 	: 	: 	: 	734534 	646322 	794111 	1401525 	2508182 	3039376 	3617461 	3991369 	3330263 	2279457 	793486 	967707 	787009 	689719 	926378 	1540516 	2824310 	3445651 	4221664 	4611411 	3938857 	2745109 	914375 	948972 	917426 	870969 	1043568 	1860483 	3101278 	3957891 	4640414 	4877679 	4259348 	2936447 	1044242 	1215720 	: 	: 	: 	: 	: 	: 	: 	: 	: 	: 	: 	: 	: 	: 	: 	: 	: 	: 	: 	: 	: 	: 	: 	: 	875961 	795160 	951243 	1464879 	2125290 	3861055 	4350153 	4951541 	4105513 	2661478 	994499 	1028655 	960120 	874905 	1214067 	1700176 	3067403 	3773046 	4505624 	4945701 	4218824 	2855926 	1086730 	1112313 	1078730 	923707 	1245407 	1595347 	3215168 	3958122 	4914278 	5173439 	4397827 	2882266 	1072420 	1115941 	1068401 	929252 	1175236 	1837325 	3254571 	4307048 	5321219 	5531715 	4691917 	3015596 	1179048 	1269466 	1158081 	1031868 	1347840 	1940488 	3437645 	4524993 	5628003 	5903396 	4932123 	2999767 	1296826 	1366195 	1210950 	1067746 	1396536 	1825913 	3538440 	4590133 	5488560 	5824781 	4710828 	2877142 	1257373 	1271402 	1119269 	998901 	1226701 	1918996 	3172718 	4303463 	5217242 	5558968 	4502332 	2782423 	1298123 	1341133 	1225835 	1095128 	1383457 	1669686 	3122080 	4044552 	5185291 	5485981 	4385964 	2657051 	1175718 	1157329 	1065253 	932804 	1178419 	1819762 	3265986 	4524096 	5653529 	5797464 	4706546 	2732079 	1035114 	1059687 	971140 	856022 	1059203 	1765467 	2971253 	4307437 	5446517 	5629745 	4613948 	2478639 	1005551 	977414 	868161 	804904 	1020534 	1518730 	3348977 	4735479 	5768258 	6073082 	5011620 	2791126 	1047697 	1035366 	943218 	887154 	1079638 	1955110 	3771893 	5377590 	6628494 	7000561 	5542649 	3309727 	1319184 	1302615 	1193377 	1091972 	1347345 	2227095 	4112577 	5617275 	7014031 	7427749 	5810847 	3382557 	1452899 	1418678 	1295643 	1260146 	1564712 	2258706 	4371155 	5758329 	7576260 	7785589 	6417788 	4022715 	1604824 	1627504 	1437783 	1339482 	1662534 	2816560 	4752752 	6664081 	8228022 	8336358 	7006850 	4484004 	1751236 	1691066 	1518890 	1421370 	1891780 	3015244 	5565067 	7300584 	8755833 	8835744 	7442136 	4670003 	1965347 	1876828 	1652468 	1567624 	1957347 	3134121 	5176922 	7632190 	8993720 	9284850 	7690464 	4947216 	2056288 	1995317 	1907871 	1772156 	853676 	27068 	99321 	388740 	: 	: 	: 	: 	: 	: 	: 
M,PAS,PAS_CRD,TOTAL,TOT,ES	: 	: 	: 	: 	: 	: 	: 	: 	: 	: 	: 	: 	: 	: 	: 	: 	: 	: 	: 	: 	: 	: 	: 	: 	: 	: 	: 	: 	: 	: 	: 	: 	: 	: 	: 	: 	: 	: 	: 	: 	: 	: 	: 	: 	: 	: 	: 	: 	: 	: 	: 	: 	: 	: 	: 	: 	: 	: 	: 	: 	: 	: 	: 	: 	: 	: 	: 	: 	: 	: 	: 	: 	: 	: 	: 	: 	: 	: 	: 	: 	: 	: 	: 	: 	5994933 	6377942 	8081287 	9283393 	9817291 	10491000 	11907583 	11924358 	11520765 	10567689 	7238474 	6766436 	6593583 	6836580 	8538828 	9675125 	10166339 	11099800 	12195277 	12522613 	11843184 	10008934 	7022808 	6433532 	6308188 	6789693 	8797964 	8762102 	9871900 	10723949 	11891801 	12745469 	11544775 	10351609 	7487386 	6962918 	6956485 	7140244 	8673231 	9638564 	10653583 	11540400 	12737438 	14041066 	12028163 	11064580 	8184430 	7580694 	7545085 	8299237 	9484238 	10296709 	11279713 	12107988 	13797509 	14715875 	12886553 	12190589 	8751127 	8416755 	8488402 	8659563 	10797618 	10848254 	12518228 	13234471 	15702180 	16278663 	14512208 	13423083 	9861281 	9355920 	8901180 	8976000 	10898265 	12524915 	13349839 	14348974 	16038742 	16528210 	15045971 	13836815 	10207193 	9943187 	9470633 	9837821 	12145696 	13179628 	14161323 	15541569 	17709687 	18187792 	16452272 	14922031 	11257946 	10656612 	10183580 	10812897 	13253633 	12920721 	14805883 	15518137 	17403961 	18175858 	15365248 	13657568 	9913394 	9390072 	8629920 	8901151 	10714764 	12440141 	13062832 	14164597 	16465419 	17000021 	14437063 	13206710 	9772908 	9522772 	8856126 	9029981 	11320004 	11208040 	13526313 	14735901 	17291187 	17854488 	15381718 	14441446 	10341695 	9400115 	9473803 	9579589 	11961986 	13999066 	14564261 	15977882 	18690572 	18880593 	16745596 	15062648 	10276522 	9940712 	9306924 	9207701 	11382871 	13210008 	14220143 	16003971 	18459434 	18585614 	16475542 	14226372 	9566851 	9125830 	8590956 	8444049 	11025940 	12416632 	14353500 	15887131 	18047426 	18561941 	16374282 	14422718 	10040406 	9566992 	9007027 	8844369 	11106476 	13704291 	15007861 	16622395 	18749280 	19714262 	17167348 	15099949 	10351465 	9979659 	9496882 	9372113 	11835533 	14086347 	15967412 	17215856 	19737822 	20551587 	17960010 	16311112 	11297437 	10820392 	10576079 	10841422 	13524242 	15092080 	17691974 	19024463 	22032687 	22166098 	19829990 	18353580 	12408391 	12331031 	11721882 	11510948 	14162252 	17738888 	19041330 	20926797 	23635177 	23573035 	21439063 	19379552 	13457715 	13237450 	12604441 	12425769 	15651657 	18081120 	20102304 	21901051 	24212494 	24145090 	22288388 	20534431 	14384398 	14280286 	13481499 	13178489 	16164025 	19182226 	20503083 	22809002 	24573047 	24746840 	22655739 	20521364 	14740700 	14632998 	13590385 	13570830 	6577836 	84549 	172988 	663360 	5261845 	6423454 	3628845 	: 	: 	: 	: 
M,PAS,PAS_CRD,TOTAL,TOT,EU27_2020	: 	: 	: 	: 	: 	: 	: 	: 	: 	: 	: 	: 	: 	: 	: 	: 	: 	: 	: 	: 	: 	: 	: 	: 	: 	: 	: 	: 	: 	: 	: 	: 	: 	: 	: 	: 	: 	: 	: 	: 	: 	: 	: 	: 	: 	: 	: 	: 	: 	: 	: 	: 	: 	: 	: 	: 	: 	: 	: 	: 	: 	: 	: 	: 	: 	: 	: 	: 	: 	: 	: 	: 	: 	: 	: 	: 	: 	: 	: 	: 	: 	: 	: 	: 	: 	: 	: 	: 	: 	: 	: 	: 	: 	: 	: 	: 	: 	: 	: 	: 	: 	: 	: 	: 	: 	: 	: 	: 	: 	: 	: 	: 	: 	: 	: 	: 	: 	: 	: 	: 	: 	: 	: 	: 	: 	: 	: 	: 	: 	: 	: 	: 	: 	: 	: 	: 	: 	: 	: 	: 	: 	: 	: 	: 	: 	: 	: 	: 	: 	: 	: 	: 	: 	: 	: 	: 	: 	: 	: 	: 	: 	: 	: 	: 	: 	: 	: 	: 	: 	: 	: 	: 	: 	: 	: 	: 	: 	: 	: 	: 	46116829 	46362793 	55217166 	56311574 	64141288 	68120306 	74649843 	76043979 	67632524 	60773242 	45785691 	44622880 	41306562 	40224756 	48115846 	54334695 	58285845 	62921286 	71480394 	72683572 	64150197 	59066554 	45812525 	45411404 	42469506 	41428261 	51408081 	46789778 	61096256 	65886487 	75377769 	76251845 	68632316 	63878505 	48749069 	45752321 	45392214 	43080334 	52484395 	59234773 	64998288 	70064216 	80022164 	78940281 	72937678 	65610106 	49316013 	48575769 	45950042 	44043662 	53408932 	59751903 	64949300 	71655545 	80615723 	80128467 	73442185 	64725762 	48930055 	47258805 	44397898 	42849974 	53692701 	58792053 	67498239 	73545032 	81385601 	82688643 	75050522 	66997913 	49990112 	49211710 	46486760 	44633189 	54164369 	62905905 	70151078 	77457763 	84881085 	88229794 	77814868 	70362021 	52445265 	51670502 	48699202 	47232434 	57279792 	64949354 	73958248 	79931446 	89874223 	92171310 	82171242 	74437193 	54847691 	54184848 	51914314 	52116050 	61750980 	67275975 	77674055 	83152285 	95632649 	95509661 	87370678 	79580509 	59088084 	60630542 	57033206 	55054400 	65564179 	76963881 	83242903 	90573477 	102678345 	102243952 	93758077 	84446859 	63710237 	63584960 	60638252 	58476466 	71430892 	80017364 	88492973 	96585682 	107499430 	107392014 	98863261 	90213827 	68311602 	68373648 	63810875 	61853373 	74451107 	85005549 	91222416 	101680732 	110374994 	111165008 	101404231 	92442018 	69953888 	70815582 	65976309 	62987215 	28598775 	: 	: 	: 	: 	: 	: 	: 	: 	: 	: 
M,PAS,PAS_CRD,TOTAL,TOT,FI	: 	: 	: 	: 	: 	: 	: 	: 	: 	: 	: 	: 	: 	: 	: 	: 	: 	: 	: 	: 	: 	: 	: 	: 	: 	: 	: 	: 	: 	: 	: 	: 	: 	: 	: 	: 	: 	: 	: 	: 	: 	: 	: 	: 	: 	: 	: 	: 	: 	: 	: 	: 	: 	: 	: 	: 	: 	: 	: 	: 	: 	: 	: 	: 	: 	: 	: 	: 	: 	: 	: 	: 	: 	: 	: 	: 	: 	: 	: 	: 	: 	: 	: 	: 	: 	: 	: 	: 	: 	: 	: 	: 	: 	: 	: 	: 	: 	: 	: 	: 	: 	: 	: 	: 	: 	: 	: 	: 	757319 	764741 	923125 	898985 	874348 	921062 	801315 	878445 	899860 	909440 	802272 	864842 	776851 	781830 	931726 	842553 	822325 	900478 	794836 	894710 	926181 	985891 	888964 	970019 	833405 	892002 	1045833 	1002076 	977351 	1056174 	936229 	976481 	1034282 	1037994 	930616 	1062801 	901042 	908953 	1075380 	1032758 	1015731 	1126071 	994443 	1023400 	1087306 	1102246 	986874 	1093909 	977321 	968298 	1178650 	1112325 	1126354 	1241232 	1101161 	1127664 	1189765 	1149987 	1063524 	1207084 	1078478 	1056147 	1284497 	1152869 	1174577 	1325551 	1189473 	1233204 	1273912 	1288692 	1138146 	1269029 	1149379 	1157842 	1301938 	1230943 	1214026 	1332974 	1214618 	1269998 	1308789 	1324956 	1116905 	1228314 	1080377 	1052127 	1194677 	1156982 	1116133 	1238698 	1204512 	1206785 	1190619 	1245146 	998944 	1143812 	1052616 	1041402 	1267800 	860070 	1222318 	1346123 	1303233 	1275217 	1286259 	1342615 	1137520 	1085463 	1161332 	1130671 	1351546 	1367587 	1443210 	1550563 	1514558 	1435078 	1431985 	1468349 	1197710 	1321809 	1256353 	1251262 	1437276 	1388408 	1415611 	1516745 	1454574 	1415810 	1415054 	1433370 	1197779 	1276573 	1190652 	1181445 	1377146 	1357674 	1420393 	1537015 	1538437 	1493923 	1461236 	1478043 	1193585 	1335842 	1252591 	1226866 	1426007 	1420894 	1465517 	1609155 	1563729 	1537721 	1495137 	1546467 	1261839 	1366008 	1246361 	1246082 	1440440 	1410426 	1474746 	1599596 	1607679 	1579508 	1530338 	1590824 	1315051 	1438195 	1310388 	1350495 	1489029 	1419066 	1526576 	1644550 	1642879 	1597493 	1584146 	1583955 	1368336 	1583041 	1444450 	1414963 	1583773 	1574730 	1694938 	1825647 	1830037 	1791313 	1767359 	1784812 	1563301 	1779624 	1625310 	1599966 	1818956 	1783442 	1898459 	2033407 	2045461 	1958823 	1899198 	1915859 	1648033 	1946616 	1692000 	1661389 	1888249 	1912984 	2035323 	2142627 	2174155 	2107270 	2028042 	2017173 	1670147 	1958570 	1735159 	1632718 	808213 	22138 	37267 	84496 	227839 	282355 	167194 	152838 	126619 	151375 	134905 
M,PAS,PAS_CRD,TOTAL,TOT,FR	: 	: 	: 	: 	: 	: 	: 	: 	: 	: 	: 	: 	: 	: 	: 	: 	: 	: 	: 	: 	: 	: 	: 	: 	: 	: 	: 	: 	: 	: 	: 	: 	: 	: 	: 	: 	: 	: 	: 	: 	: 	: 	: 	: 	: 	: 	: 	: 	: 	: 	: 	: 	: 	: 	: 	: 	: 	: 	: 	: 	: 	: 	: 	: 	: 	: 	: 	: 	: 	: 	: 	: 	: 	: 	: 	: 	: 	: 	: 	: 	: 	: 	: 	: 	: 	: 	: 	: 	: 	: 	: 	: 	: 	: 	: 	: 	: 	: 	: 	: 	: 	: 	: 	: 	: 	: 	: 	: 	6422410 	6521083 	7853451 	8314815 	8319556 	8712067 	9571824 	9554387 	8829782 	8428693 	6801675 	7203371 	7005007 	6701712 	7561702 	7733407 	7725245 	8652242 	9560203 	9834246 	8847322 	8452464 	6912533 	7309608 	7175279 	7130082 	7946644 	8817937 	9051405 	9371444 	10312714 	10205211 	9333168 	8932020 	7206495 	7560526 	7642255 	7178204 	8386735 	9047025 	9663623 	9918820 	10999815 	10590594 	9791505 	9089267 	7668278 	7988585 	7941374 	7498225 	8590583 	9851415 	10087698 	10402951 	11433867 	10934491 	10245613 	9617121 	8084253 	8501787 	8360295 	7895799 	9586578 	10344961 	10273120 	10967675 	12265957 	11976902 	10927076 	9945675 	8625585 	8867599 	8594433 	8342393 	9979733 	10500760 	11117595 	11378347 	12472007 	12471864 	10729525 	10281331 	8340419 	8751908 	8045373 	7658635 	8966811 	10362234 	10515232 	10684003 	12133846 	12080863 	10320177 	10025400 	8261298 	8582517 	8013729 	7617465 	9252808 	8650577 	10829461 	10957697 	12556643 	12287209 	10788765 	10530337 	8635091 	8577425 	8534426 	8033804 	9490702 	10846023 	11260615 	11527957 	13202996 	12483700 	11558810 	10897892 	8842730 	9333602 	8750735 	8335525 	9951848 	11277694 	11431852 	11922585 	13536826 	13192853 	11946555 	10927954 	9179142 	9310893 	8648378 	8273792 	10306089 	11183932 	12105100 	12210129 	13550913 	13836436 	12216344 	11513218 	9203807 	9714737 	9064682 	8617924 	10378139 	11763853 	12405522 	12867582 	13913622 	14548741 	11434540 	11970793 	9364723 	10030550 	9330402 	8973519 	10519596 	11754598 	12887801 	12990793 	14637298 	15051150 	12976938 	12573842 	9279859 	9891773 	9500484 	9421939 	10771060 	12360620 	13087761 	13149053 	15149478 	14964678 	13187194 	12801655 	9950959 	10935721 	10253846 	9890411 	11308326 	13452179 	13616813 	13863102 	16130763 	15980800 	14103738 	13524224 	10657504 	11314779 	10885368 	10183848 	12250339 	13606815 	14195103 	14826254 	16759218 	16673238 	14945124 	14439815 	11348905 	11877152 	11234739 	10790518 	12897321 	14839455 	14652134 	15951619 	17324056 	17325639 	15271003 	14655151 	11688829 	12099468 	11646365 	11144457 	5400553 	140897 	229015 	896556 	4051964 	5746226 	3817782 	: 	: 	: 	: 
M,PAS,PAS_CRD,TOTAL,TOT,HR	: 	: 	: 	: 	: 	: 	: 	: 	: 	: 	: 	: 	: 	: 	: 	: 	: 	: 	: 	: 	: 	: 	: 	: 	: 	: 	: 	: 	: 	: 	: 	: 	: 	: 	: 	: 	: 	: 	: 	: 	: 	: 	: 	: 	: 	: 	: 	: 	: 	: 	: 	: 	: 	: 	: 	: 	: 	: 	: 	: 	: 	: 	: 	: 	: 	: 	: 	: 	: 	: 	: 	: 	: 	: 	: 	: 	: 	: 	: 	: 	: 	: 	: 	: 	: 	: 	: 	: 	: 	: 	: 	: 	: 	: 	: 	: 	: 	: 	: 	: 	: 	: 	: 	: 	: 	: 	: 	: 	: 	: 	: 	: 	: 	: 	: 	: 	: 	: 	: 	: 	: 	: 	: 	: 	: 	: 	: 	: 	: 	: 	: 	: 	: 	: 	: 	: 	: 	: 	: 	: 	: 	: 	: 	: 	: 	: 	: 	: 	: 	: 	: 	: 	: 	: 	: 	: 	: 	: 	: 	: 	: 	: 	: 	: 	: 	: 	: 	: 	: 	: 	: 	: 	: 	: 	: 	: 	: 	: 	: 	: 	158411 	145419 	209459 	279559 	447852 	558282 	687506 	733187 	585289 	348109 	180463 	171141 	154132 	132905 	169614 	277645 	423932 	538352 	692929 	739137 	553295 	338071 	163100 	152096 	139033 	120439 	168552 	236397 	449899 	580173 	806225 	840333 	624156 	374507 	178953 	158747 	153339 	138530 	180339 	325456 	473513 	614351 	854380 	843311 	658544 	401534 	183934 	162005 	150950 	130763 	187426 	335479 	512233 	709014 	928203 	908165 	758058 	439787 	193347 	169207 	159163 	140794 	211298 	339615 	560226 	755721 	977493 	1000912 	768825 	460880 	178920 	168600 	153122 	141801 	186427 	375079 	602715 	794425 	1093161 	1105922 	815629 	489393 	198128 	184995 	166761 	155406 	216813 	380684 	658218 	839919 	1152439 	1172321 	883847 	547767 	208369 	189154 	173905 	174996 	243427 	389458 	715450 	963074 	1383725 	1322025 	1012613 	656370 	230064 	210356 	192291 	177653 	239268 	527746 	841810 	1171531 	1647474 	1577489 	1220104 	746623 	264337 	236727 	219879 	199626 	302114 	549937 	970602 	1318805 	1765904 	1694784 	1340983 	834308 	282862 	251490 	226655 	222707 	306168 	702852 	1048276 	1465003 	1868350 	1837031 	1404508 	953021 	314507 	274161 	231176 	224737 	119489 	4478 	15118 	67378 	335301 	547900 	190047 	93178 	45600 	44698 	: 
M,PAS,PAS_CRD,TOTAL,TOT,HU	: 	: 	: 	: 	: 	: 	: 	: 	: 	: 	: 	: 	: 	: 	: 	: 	: 	: 	: 	: 	: 	: 	: 	: 	: 	: 	: 	: 	: 	: 	: 	: 	: 	: 	: 	: 	: 	: 	: 	: 	: 	: 	: 	: 	: 	: 	: 	: 	: 	: 	: 	: 	: 	: 	: 	: 	: 	: 	: 	: 	: 	: 	: 	: 	: 	: 	: 	: 	: 	: 	: 	: 	: 	: 	: 	: 	: 	: 	: 	: 	: 	: 	: 	: 	: 	: 	: 	: 	: 	: 	: 	: 	: 	: 	: 	: 	: 	: 	: 	: 	: 	: 	: 	: 	: 	: 	: 	: 	254894 	247650 	339422 	345120 	386411 	430296 	483443 	509846 	462743 	403173 	310176 	295647 	280429 	250618 	310547 	353603 	397780 	464319 	554926 	592661 	546634 	511366 	383453 	364061 	334849 	324526 	403662 	479490 	533454 	600519 	697102 	733160 	677580 	629694 	498016 	468320 	446614 	426943 	573345 	627054 	696487 	765085 	875632 	881777 	820558 	727377 	559701 	517510 	505638 	464722 	583455 	672305 	733110 	792044 	921735 	940264 	838831 	738592 	535602 	519622 	505799 	472650 	618197 	703103 	734768 	812377 	938305 	976158 	882610 	767996 	608238 	560060 	539302 	524222 	645497 	670298 	735769 	799066 	905649 	940875 	847260 	755112 	561073 	504959 	486533 	427903 	547535 	672144 	694427 	742931 	868608 	918750 	829149 	766245 	577937 	548905 	495959 	453522 	584573 	541430 	715906 	777058 	894455 	939987 	846989 	773382 	596694 	554555 	525636 	486733 	628579 	733021 	774921 	824960 	948208 	956938 	891149 	841588 	644185 	628919 	564581 	419823 	575200 	709210 	753980 	787490 	881360 	889178 	830617 	788861 	637654 	591889 	515259 	486058 	631657 	697543 	758972 	789589 	863295 	858503 	817465 	783695 	634860 	604423 	549132 	523710 	659573 	750537 	803513 	857524 	934635 	931501 	865929 	829087 	679108 	670599 	618079 	593555 	734142 	832834 	889794 	962939 	1075252 	1078720 	1011625 	934344 	752491 	744577 	710746 	697059 	861675 	945560 	1034856 	1075345 	1183436 	1176956 	1121010 	1065768 	884785 	903170 	831890 	799446 	960414 	1109989 	1157938 	1220774 	1359032 	1362833 	1273144 	1215615 	1037359 	1021595 	974653 	929002 	1134794 	1260726 	1318614 	1384220 	1549134 	1565735 	1424621 	1369330 	1128948 	1136716 	1032569 	998417 	1205927 	1382213 	1460105 	1525779 	1663035 	1675544 	1566297 	1522375 	1309357 	1359132 	1204138 	1144820 	508702 	9483 	22521 	86117 	312801 	403791 	89725 	62301 	49128 	69160 	: 
M,PAS,PAS_CRD,TOTAL,TOT,IE	: 	: 	: 	: 	: 	: 	: 	: 	: 	: 	: 	: 	: 	: 	: 	: 	: 	: 	: 	: 	: 	: 	: 	: 	: 	: 	: 	: 	: 	: 	: 	: 	: 	: 	: 	: 	: 	: 	: 	: 	: 	: 	: 	: 	: 	: 	: 	: 	: 	: 	: 	: 	: 	: 	: 	: 	: 	: 	: 	: 	: 	: 	: 	: 	: 	: 	: 	: 	: 	: 	: 	: 	874192 	946737 	1144653 	1132222 	1347822 	1525855 	1710277 	1747146 	1493732 	1359401 	1020095 	933179 	903108 	996562 	1219034 	1272906 	1484025 	1684654 	1905112 	1878495 	1719065 	1478614 	1148003 	996139 	990553 	1057824 	1194943 	1317982 	1537577 	1800596 	1963075 	1994128 	1746723 	1495093 	1183087 	1034540 	1063352 	1151208 	1384681 	1307040 	1602880 	1780142 	1977392 	2053164 	1834534 	1604330 	1248258 	1228205 	: 	: 	: 	: 	: 	: 	: 	: 	: 	: 	: 	: 	1286587 	1397138 	1512296 	1597352 	1823279 	2003326 	2276555 	2247221 	1975605 	1863045 	1435664 	1433285 	1452732 	1489107 	1809085 	1779702 	2151738 	2375583 	2650305 	2603318 	2312460 	2114755 	1771100 	1744413 	1680973 	1721948 	1978280 	2220572 	2463440 	2667915 	2997223 	2930663 	2605160 	2373141 	1960984 	1957834 	1838872 	1899907 	2256978 	2363617 	2593462 	2889450 	3173659 	3192072 	2838701 	2561307 	2136993 	2095002 	1964304 	2041352 	2486507 	2327588 	2789002 	2919235 	3153304 	3227917 	2684035 	2513447 	1982107 	1929489 	1824914 	1819566 	2141293 	2200740 	2364129 	2516246 	2763290 	2767318 	2296243 	2166647 	1720690 	1687811 	1488034 	1548150 	1865279 	1464440 	1968408 	2294144 	2576637 	2570129 	2191603 	2127415 	1607649 	1392322 	1453074 	1450602 	1756104 	1953483 	2168082 	2318567 	2591962 	2523797 	2140421 	1945142 	1557258 	1504397 	1381847 	1419713 	1732080 	1960461 	2125365 	2367876 	2557640 	2548058 	2238958 	2074650 	1612965 	1574476 	1394689 	1405008 	1860162 	1969497 	2272742 	2485996 	2712369 	2680247 	2301190 	2162067 	1681008 	1678665 	1503799 	1492142 	1797047 	2217914 	2411882 	2628941 	2871256 	2861199 	2461078 	2365394 	1860815 	1839359 	1696795 	1715433 	2113431 	2391401 	2667991 	2991649 	3237804 	3150799 	2737235 	2686258 	2116104 	2040120 	1946331 	1981597 	2460497 	2584486 	2931551 	3254976 	3511306 	3435748 	3005348 	2900820 	2301847 	2281202 	2111631 	2047024 	2488422 	2873909 	3035462 	3409826 	3679830 	3615767 	3174995 	2993256 	2442353 	2399296 	2230031 	2108843 	2561755 	3010851 	3324775 	3648427 	3889785 	3799828 	3391539 	3228463 	2595786 	2554922 	2347603 	2286662 	2779886 	3224936 	3462571 	3763063 	4030976 	4008037 	3527592 	3311286 	2588600 	2616298 	2382437 	2338066 	1181236 	24820 	44541 	93620 	428900 	589470 	429072 	: 	: 	: 	: 
M,PAS,PAS_CRD,TOTAL,TOT,IS	: 	: 	: 	: 	: 	: 	: 	: 	: 	: 	: 	: 	: 	: 	: 	: 	: 	: 	: 	: 	: 	: 	: 	: 	: 	: 	: 	: 	: 	: 	: 	: 	: 	: 	: 	: 	: 	: 	: 	: 	: 	: 	: 	: 	: 	: 	: 	: 	: 	: 	: 	: 	: 	: 	: 	: 	: 	: 	: 	: 	: 	: 	: 	: 	: 	: 	: 	: 	: 	: 	: 	: 	: 	: 	: 	: 	: 	: 	: 	: 	: 	: 	: 	: 	: 	: 	: 	: 	: 	: 	: 	: 	: 	: 	: 	: 	: 	: 	: 	: 	: 	: 	: 	: 	: 	: 	: 	: 	: 	: 	: 	: 	: 	: 	: 	: 	: 	: 	: 	: 	72222 	67997 	99365 	123895 	121389 	178752 	216737 	211047 	140887 	136249 	101067 	91971 	86795 	90098 	115187 	150875 	156846 	222571 	267488 	250839 	162630 	157691 	122796 	104791 	102750 	101923 	145833 	136659 	168986 	254275 	302795 	284002 	191688 	172316 	130547 	119326 	107831 	102000 	136463 	172850 	187905 	275092 	319577 	300939 	203463 	193196 	145678 	133042 	140001 	109187 	149776 	179359 	202622 	291478 	351386 	331948 	213287 	202395 	155883 	134791 	: 	: 	: 	: 	: 	: 	: 	: 	: 	: 	: 	: 	: 	: 	: 	: 	: 	: 	: 	: 	: 	: 	: 	: 	91443 	90607 	116277 	99345 	137825 	249365 	330756 	319228 	189592 	174942 	119946 	117030 	108504 	105913 	127509 	162188 	184382 	322821 	399735 	384621 	218425 	192549 	129856 	126391 	114945 	117429 	148758 	180068 	208978 	333123 	422464 	406267 	263928 	229782 	163375 	151574 	142460 	144807 	195628 	203640 	253735 	382533 	463121 	454819 	297105 	264782 	198240 	198396 	182345 	177948 	228468 	260049 	303140 	453383 	544982 	535310 	368447 	311089 	245876 	242577 	230263 	229769 	281710 	297198 	399348 	567877 	661154 	659624 	487014 	411357 	314002 	307972 	289226 	324020 	400744 	380478 	535300 	759896 	897526 	892242 	699524 	613475 	495362 	514021 	493026 	486050 	580644 	616717 	248659 	927292 	1097598 	1079073 	864810 	725636 	593395 	605834 	593471 	569123 	702455 	678665 	867281 	1122121 	1224554 	1227716 	1014135 	881910 	655549 	629406 	558501 	534003 	614289 	499921 	610877 	817429 	877905 	876400 	675930 	583392 	461608 	473942 	395374 	414840 	231375 	5358 	11127 	44680 	150075 	149220 	43322 	27452 	18137 	36509 	35321 
M,PAS,PAS_CRD,TOTAL,TOT,IT	: 	: 	: 	: 	: 	: 	: 	: 	: 	: 	: 	: 	: 	: 	: 	: 	: 	: 	: 	: 	: 	: 	: 	: 	: 	: 	: 	: 	: 	: 	: 	: 	: 	: 	: 	: 	: 	: 	: 	: 	: 	: 	: 	: 	: 	: 	: 	: 	: 	: 	: 	: 	: 	: 	: 	: 	: 	: 	: 	: 	2313140 	2178708 	2864080 	3074412 	3255646 	3282709 	3592365 	4186384 	3695530 	1831813 	2393354 	2384251 	: 	: 	: 	: 	: 	: 	: 	: 	: 	: 	: 	: 	: 	: 	: 	: 	: 	: 	: 	: 	: 	: 	: 	: 	2728866 	2723715 	3353631 	3661097 	3785751 	4056717 	4201163 	4247245 	3952820 	3176250 	2323706 	2078069 	3371242 	4062077 	5254783 	5485966 	5800656 	6059496 	6521854 	7108363 	6622554 	5888273 	4524042 	4528274 	4708183 	4650278 	5486900 	5655880 	6206736 	6742541 	7355473 	8281777 	7417287 	6734027 	5337723 	5340217 	5014949 	4908405 	6026383 	6629192 	6992319 	7405115 	8484649 	9072574 	7995653 	7180317 	5580952 	5515322 	5562725 	5230842 	6721998 	7116434 	7839249 	8428492 	9227364 	9398876 	8495911 	7668897 	6048975 	6166675 	6025434 	5850038 	6900394 	7879393 	8615605 	9096729 	10081084 	10338185 	9432864 	8401980 	6533208 	6759468 	6609406 	6316940 	7864441 	8981674 	9183633 	10007140 	11188169 	11473918 	10544540 	9438025 	7330419 	7355953 	7055245 	6943328 	8495895 	8637582 	9572109 	10146082 	10974879 	11675061 	10055792 	8699179 	6474028 	6487723 	6059122 	5951747 	7365630 	8702012 	9141778 	9547907 	10806347 	11483948 	9928390 	8893713 	6882738 	7060440 	6698291 	6415124 	8049844 	7983409 	9723619 	10208827 	11618856 	12346536 	10860953 	9983971 	7654898 	7520625 	7466518 	6745670 	8515864 	9660975 	10282959 	10973302 	12510013 	12830224 	11512100 	10338854 	7661389 	7728799 	7388814 	6638336 	8414870 	9964007 	10391146 	11125321 	12650094 	12961707 	11701236 	10008912 	7454552 	7330393 	6868377 	6498376 	8252797 	9562179 	10467710 	11365607 	12541097 	12849916 	11661396 	10133540 	7527223 	7550887 	7120013 	6679993 	8342385 	10153809 	10903623 	11893121 	13192302 	13842982 	12263280 	10685505 	8030292 	8057282 	7597063 	7269876 	8920973 	10615838 	11528761 	12365912 	13848766 	14320024 	12903907 	11486015 	8468135 	8339951 	7987426 	8028299 	9523753 	10731996 	12064223 	12822777 	14709974 	14821550 	13485628 	11963985 	9049063 	9289107 	8758824 	8302416 	10061923 	12062418 	12846063 	13950073 	15881795 	15863435 	14585368 	12786658 	9554246 	9653106 	9328078 	8808693 	10747800 	12802169 	13655593 	14858337 	16502851 	16639053 	15406592 	13693853 	10434690 	10474735 	9800069 	9461722 	11510279 	13486285 	14328615 	15744510 	17135700 	17376843 	15894736 	14203791 	10786447 	10938942 	10214932 	9078815 	1696938 	96047 	140707 	697386 	: 	: 	: 	: 	: 	: 	: 
M,PAS,PAS_CRD,TOTAL,TOT,LT	: 	: 	: 	: 	: 	: 	: 	: 	: 	: 	: 	: 	: 	: 	: 	: 	: 	: 	: 	: 	: 	: 	: 	: 	: 	: 	: 	: 	: 	: 	: 	: 	: 	: 	: 	: 	: 	: 	: 	: 	: 	: 	: 	: 	: 	: 	: 	: 	: 	: 	: 	: 	: 	: 	: 	: 	: 	: 	: 	: 	: 	: 	: 	: 	: 	: 	: 	: 	: 	: 	: 	: 	: 	: 	: 	: 	: 	: 	: 	: 	: 	: 	: 	: 	: 	: 	: 	: 	: 	: 	: 	: 	: 	: 	: 	: 	: 	: 	: 	: 	: 	: 	: 	: 	: 	: 	: 	: 	: 	: 	: 	: 	: 	: 	: 	: 	: 	: 	: 	: 	: 	: 	: 	: 	: 	: 	: 	: 	: 	: 	: 	: 	: 	: 	: 	: 	: 	: 	: 	: 	: 	: 	: 	: 	81787 	70950 	94078 	104268 	124303 	152368 	163303 	158276 	142207 	130301 	105974 	106426 	106743 	94973 	114846 	133502 	156947 	188304 	195494 	198518 	176451 	161902 	133738 	137777 	141436 	125809 	157872 	166424 	192787 	217118 	219894 	227276 	210028 	202438 	175837 	159040 	164428 	160761 	197827 	210890 	242584 	263182 	270376 	273560 	247298 	215918 	160288 	144962 	128930 	107205 	131690 	139793 	157008 	178560 	198164 	198106 	176853 	170558 	142355 	137969 	135588 	126238 	167915 	141447 	214385 	241179 	251326 	247576 	219929 	204246 	172006 	160999 	159451 	146140 	176595 	197859 	254462 	269354 	277276 	277957 	258060 	247729 	211285 	215823 	208051 	191824 	224796 	246725 	284485 	325816 	338860 	334171 	298720 	281707 	218118 	213355 	208858 	188677 	226890 	272823 	316506 	349189 	374024 	370828 	345048 	343298 	252704 	233513 	220606 	201503 	240029 	314497 	374149 	390726 	398776 	398920 	364973 	358264 	274198 	261469 	256974 	240974 	284033 	338835 	398327 	409294 	419566 	434365 	415294 	415821 	313121 	300785 	299590 	283891 	330386 	379443 	449543 	468278 	472843 	481508 	459864 	445710 	356896 	359609 	356201 	325292 	382151 	450281 	509867 	527185 	408258 	415275 	519202 	529370 	414549 	408470 	406445 	377197 	451581 	515724 	587296 	610410 	614984 	618731 	584801 	580990 	459316 	446703 	443403 	411765 	466939 	540420 	620978 	604824 	595440 	621917 	603338 	622758 	496501 	476402 	455142 	446654 	202850 	1639 	4179 	42185 	167375 	212396 	100239 	: 	: 	: 	: 
M,PAS,PAS_CRD,TOTAL,TOT,LU	: 	: 	: 	: 	: 	: 	: 	: 	: 	: 	: 	: 	: 	: 	: 	: 	: 	: 	: 	: 	: 	: 	: 	: 	: 	: 	: 	: 	: 	: 	: 	: 	: 	: 	: 	: 	: 	: 	: 	: 	: 	: 	: 	: 	: 	: 	: 	: 	: 	: 	: 	: 	: 	: 	: 	: 	: 	: 	: 	: 	: 	: 	: 	: 	: 	: 	: 	: 	: 	: 	: 	: 	: 	: 	: 	: 	: 	: 	: 	: 	: 	: 	: 	: 	: 	: 	: 	: 	: 	: 	: 	: 	: 	: 	: 	: 	: 	: 	: 	: 	: 	: 	: 	: 	: 	: 	: 	: 	: 	: 	: 	: 	: 	: 	: 	: 	: 	: 	: 	: 	: 	: 	: 	: 	: 	: 	: 	: 	: 	: 	: 	: 	: 	: 	: 	: 	: 	: 	: 	: 	: 	: 	: 	: 	92560 	95763 	111799 	133309 	143894 	142521 	161247 	164463 	153058 	135787 	103358 	100393 	96458 	95093 	112833 	137838 	144770 	156211 	166416 	168033 	160126 	143716 	112680 	103230 	95800 	96746 	124236 	133169 	142858 	152745 	170176 	171728 	165451 	150760 	119893 	110903 	121478 	105300 	128015 	147870 	158296 	159706 	180641 	183821 	164008 	149618 	113943 	100521 	89208 	90869 	104994 	134653 	142806 	143922 	162093 	168344 	144149 	138528 	111004 	104691 	91560 	94995 	119457 	110824 	148029 	146022 	171422 	181231 	160557 	156029 	125126 	108444 	102426 	160557 	123680 	152662 	165305 	162270 	191173 	193425 	176505 	161359 	125482 	121936 	105222 	113572 	136146 	161565 	164146 	172785 	205105 	207332 	194734 	163337 	141639 	128408 	114824 	118029 	160224 	173688 	200642 	202249 	231127 	243204 	220863 	201148 	153638 	149691 	137003 	137109 	176868 	212059 	226912 	238155 	241377 	265677 	238743 	218157 	173497 	168409 	141553 	149261 	177748 	233869 	248165 	244206 	269176 	290356 	263799 	243720 	198946 	190952 	165143 	181066 	228582 	260311 	272850 	262180 	294609 	295591 	284488 	277679 	229082 	232661 	203264 	207438 	241937 	316249 	318151 	335699 	356763 	354773 	345807 	327836 	269178 	277635 	237521 	240671 	297386 	353190 	372944 	363841 	392348 	391126 	379181 	367383 	298653 	294560 	258957 	267687 	320896 	384281 	393188 	407702 	424944 	420265 	415421 	403270 	331381 	337577 	289047 	295991 	128453 	26 	1808 	35436 	131582 	179687 	129462 	101790 	54390 	78638 	: 
M,PAS,PAS_CRD,TOTAL,TOT,LV	: 	: 	: 	: 	: 	: 	: 	: 	: 	: 	: 	: 	: 	: 	: 	: 	: 	: 	: 	: 	: 	: 	: 	: 	: 	: 	: 	: 	: 	: 	: 	: 	: 	: 	: 	: 	: 	: 	: 	: 	: 	: 	: 	: 	: 	: 	: 	: 	: 	: 	: 	: 	: 	: 	: 	: 	: 	: 	: 	: 	: 	: 	: 	: 	: 	: 	: 	: 	: 	: 	: 	: 	: 	: 	: 	: 	: 	: 	: 	: 	: 	: 	: 	: 	: 	: 	: 	: 	: 	: 	: 	: 	: 	: 	: 	: 	: 	: 	: 	: 	: 	: 	: 	: 	: 	: 	: 	: 	: 	: 	: 	: 	: 	: 	: 	: 	: 	: 	: 	: 	: 	: 	: 	: 	: 	: 	: 	: 	: 	: 	: 	: 	50335 	51704 	64455 	74434 	87509 	102488 	105295 	109658 	104839 	96512 	103746 	105066 	100933 	96676 	131270 	138927 	160238 	180187 	190114 	194946 	178901 	180753 	158756 	160339 	160045 	146476 	183018 	194329 	213724 	232124 	247906 	253702 	236292 	225512 	196468 	198469 	192334 	177395 	220902 	246287 	271804 	301809 	320547 	328846 	305171 	295807 	251443 	243426 	232731 	221701 	266073 	272748 	318499 	346074 	390662 	395017 	360836 	335215 	273782 	273991 	256369 	224450 	274606 	325975 	351128 	385680 	431191 	427629 	386600 	374590 	307259 	317227 	296334 	271425 	343938 	296259 	409865 	472480 	520701 	517741 	453749 	428135 	322478 	322793 	301060 	278002 	358790 	434357 	478161 	531550 	567419 	547782 	480465 	449567 	335079 	336128 	316624 	285398 	345849 	395847 	423411 	470617 	510106 	496021 	446674 	412979 	321931 	329073 	311273 	281770 	353815 	396360 	439029 	483846 	515406 	493887 	437888 	412213 	329092 	327678 	308448 	275750 	331701 	397080 	425332 	486863 	513811 	507467 	448863 	418540 	345500 	342927 	319462 	294333 	369701 	407212 	464323 	514698 	552644 	546332 	469108 	446661 	380326 	381056 	352601 	334730 	414207 	421484 	475231 	519845 	555092 	557813 	493663 	476052 	383505 	399937 	368759 	343039 	418807 	486257 	526446 	592244 	643759 	642332 	568623 	552216 	460573 	474799 	441700 	403849 	504089 	568391 	633929 	684229 	737562 	733741 	658881 	643939 	510732 	516028 	466661 	430490 	531114 	645712 	714785 	762727 	832797 	830846 	735252 	704406 	549704 	581232 	524165 	489024 	234483 	2910 	9981 	54150 	184084 	188571 	112546 	: 	: 	: 	: 
M,PAS,PAS_CRD,TOTAL,TOT,ME	: 	: 	: 	: 	: 	: 	: 	: 	: 	: 	: 	: 	: 	: 	: 	: 	: 	: 	: 	: 	: 	: 	: 	: 	: 	: 	: 	: 	: 	: 	: 	: 	: 	: 	: 	: 	: 	: 	: 	: 	: 	: 	: 	: 	: 	: 	: 	: 	: 	: 	: 	: 	: 	: 	: 	: 	: 	: 	: 	: 	: 	: 	: 	: 	: 	: 	: 	: 	: 	: 	: 	: 	: 	: 	: 	: 	: 	: 	: 	: 	: 	: 	: 	: 	: 	: 	: 	: 	: 	: 	: 	: 	: 	: 	: 	: 	: 	: 	: 	: 	: 	: 	: 	: 	: 	: 	: 	: 	: 	: 	: 	: 	: 	: 	: 	: 	: 	: 	: 	: 	: 	: 	: 	: 	: 	: 	: 	: 	: 	: 	: 	: 	: 	: 	: 	: 	: 	: 	: 	: 	: 	: 	: 	: 	: 	: 	: 	: 	: 	: 	: 	: 	: 	: 	: 	: 	: 	: 	: 	: 	: 	: 	: 	: 	: 	: 	: 	: 	: 	: 	: 	: 	: 	: 	: 	: 	: 	: 	: 	: 	: 	: 	: 	: 	: 	: 	: 	: 	: 	: 	: 	: 	: 	: 	: 	: 	: 	: 	: 	: 	: 	: 	: 	: 	: 	: 	: 	: 	: 	: 	: 	: 	: 	: 	: 	: 	: 	: 	: 	: 	: 	: 	: 	: 	: 	: 	: 	: 	: 	: 	: 	: 	: 	: 	: 	: 	: 	: 	: 	: 	: 	: 	: 	: 	: 	: 	: 	: 	: 	: 	: 	: 	: 	: 	: 	: 	: 	: 	: 	: 	: 	: 	: 	: 	: 	: 	: 	: 	: 	: 	: 	: 	: 	: 	: 	: 	58574 	53421 	64918 	88263 	122708 	237843 	340743 	349016 	268580 	122229 	69395 	69774 	64574 	60667 	75908 	114584 	154985 	300177 	393290 	395325 	300456 	140430 	86085 	87013 	79555 	70778 	88774 	132033 	188775 	327571 	418715 	440765 	346327 	158599 	96128 	92466 	83825 	75255 	97252 	145992 	213117 	354638 	442740 	468752 	371511 	189806 	106375 	103538 	97942 	89321 	40957 	1873 	1142 	6195 	39443 	79242 	85283 	: 	: 	: 	: 
M,PAS,PAS_CRD,TOTAL,TOT,MK	: 	: 	: 	: 	: 	: 	: 	: 	: 	: 	: 	: 	: 	: 	: 	: 	: 	: 	: 	: 	: 	: 	: 	: 	: 	: 	: 	: 	: 	: 	: 	: 	: 	: 	: 	: 	: 	: 	: 	: 	: 	: 	: 	: 	: 	: 	: 	: 	: 	: 	: 	: 	: 	: 	: 	: 	: 	: 	: 	: 	: 	: 	: 	: 	: 	: 	: 	: 	: 	: 	: 	: 	: 	: 	: 	: 	: 	: 	: 	: 	: 	: 	: 	: 	: 	: 	: 	: 	: 	: 	: 	: 	: 	: 	: 	: 	: 	: 	: 	: 	: 	: 	: 	: 	: 	: 	: 	: 	: 	: 	: 	: 	: 	: 	: 	: 	: 	: 	: 	: 	: 	: 	: 	: 	: 	: 	: 	: 	: 	: 	: 	: 	: 	: 	: 	: 	: 	: 	: 	: 	: 	: 	: 	: 	: 	: 	: 	: 	: 	: 	: 	: 	: 	: 	: 	: 	: 	: 	: 	: 	: 	: 	: 	: 	: 	: 	: 	: 	: 	: 	: 	: 	: 	: 	: 	: 	: 	: 	: 	: 	: 	: 	: 	: 	: 	: 	: 	: 	: 	: 	: 	: 	: 	: 	: 	: 	: 	: 	: 	: 	: 	: 	: 	: 	: 	: 	: 	: 	: 	: 	: 	: 	: 	: 	: 	: 	: 	: 	: 	: 	: 	: 	: 	: 	: 	: 	: 	: 	: 	: 	: 	: 	: 	: 	: 	: 	: 	: 	: 	: 	: 	: 	: 	: 	: 	: 	: 	: 	: 	: 	: 	: 	: 	: 	: 	: 	: 	: 	: 	: 	: 	: 	: 	: 	88275 	80079 	95457 	109741 	117097 	118070 	164341 	173158 	145965 	132612 	109928 	117650 	109097 	102178 	120668 	135013 	148562 	142332 	173715 	174883 	152519 	142901 	120928 	126578 	122521 	105265 	125167 	148530 	150203 	150935 	200927 	216409 	185474 	171688 	140451 	143712 	144539 	129792 	155866 	175891 	175333 	192302 	237447 	237195 	208077 	188104 	147752 	160448 	152125 	137664 	164318 	194181 	194449 	214085 	241567 	263652 	231959 	212746 	170261 	176320 	163967 	147533 	71617 	1853 	849 	36 	57160 	67007 	54805 	53771 	43784 	: 	: 
M,PAS,PAS_CRD,TOTAL,TOT,MT	: 	: 	: 	: 	: 	: 	: 	: 	: 	: 	: 	: 	: 	: 	: 	: 	: 	: 	: 	: 	: 	: 	: 	: 	: 	: 	: 	: 	: 	: 	: 	: 	: 	: 	: 	: 	: 	: 	: 	: 	: 	: 	: 	: 	: 	: 	: 	: 	: 	: 	: 	: 	: 	: 	: 	: 	: 	: 	: 	: 	: 	: 	: 	: 	: 	: 	: 	: 	: 	: 	: 	: 	: 	: 	: 	: 	: 	: 	: 	: 	: 	: 	: 	: 	: 	: 	: 	: 	: 	: 	: 	: 	: 	: 	: 	: 	: 	: 	: 	: 	: 	: 	: 	: 	: 	: 	: 	: 	110769 	124029 	195221 	212748 	232408 	244915 	310860 	354182 	300713 	267286 	158199 	128475 	118035 	128062 	175902 	225060 	240265 	247546 	314912 	362569 	300973 	246211 	155337 	132770 	121490 	132765 	170712 	229843 	251452 	270061 	338031 	385753 	321750 	282544 	157629 	128091 	128715 	123704 	186719 	210517 	259086 	267426 	340130 	374058 	310084 	272720 	157089 	126992 	122027 	126377 	169069 	239435 	246454 	259980 	325794 	348320 	296694 	258458 	164570 	142692 	126998 	131787 	185814 	236958 	260309 	285949 	366170 	388662 	341772 	298376 	191181 	157392 	156440 	156211 	226544 	251576 	305834 	309146 	370764 	390548 	338065 	280191 	175906 	148674 	137982 	139745 	183984 	254929 	257509 	277833 	347223 	377283 	323734 	280364 	180236 	157854 	147697 	148497 	206541 	239553 	307181 	331346 	401969 	427924 	373574 	331918 	202718 	174630 	169673 	174877 	240447 	300123 	325326 	345885 	415785 	427575 	382528 	346552 	204499 	173544 	165969 	169801 	222042 	304270 	344254 	375404 	445374 	461917 	408212 	348711 	211538 	192855 	179424 	176821 	249360 	331729 	377948 	411953 	471210 	507646 	452294 	409751 	249133 	214760 	199354 	193334 	263404 	376940 	402098 	424329 	511411 	551450 	463215 	421724 	256261 	226512 	209516 	208896 	275334 	393315 	441921 	459298 	548107 	585218 	502896 	464557 	283648 	246851 	236555 	236648 	327525 	415413 	476921 	490381 	580475 	598366 	531962 	512794 	347081 	326325 	296876 	296250 	384308 	530576 	547696 	578615 	674358 	693249 	626127 	596426 	405724 	377526 	351550 	349482 	471234 	591311 	643107 	662901 	756015 	759478 	706581 	646195 	453546 	414417 	366016 	359555 	477533 	653179 	675499 	723180 	800221 	824393 	763013 	704147 	493727 	477894 	418579 	422129 	169584 	2355 	3220 	3447 	153604 	252693 	128989 	110749 	40207 	46889 	: 
M,PAS,PAS_CRD,TOTAL,TOT,NL	: 	: 	: 	: 	: 	: 	: 	: 	: 	: 	: 	: 	: 	: 	: 	: 	: 	: 	: 	: 	: 	: 	: 	: 	: 	: 	: 	: 	: 	: 	: 	: 	: 	: 	: 	: 	: 	: 	: 	: 	: 	: 	: 	: 	: 	: 	: 	: 	: 	: 	: 	: 	: 	: 	: 	: 	: 	: 	: 	: 	: 	: 	: 	: 	: 	: 	: 	: 	: 	: 	: 	: 	: 	: 	: 	: 	: 	: 	: 	: 	: 	: 	: 	: 	2552772 	2629443 	3150511 	3314672 	3692730 	3648092 	4110380 	4084402 	3885371 	3791181 	2992163 	2774474 	2771573 	2657942 	3244566 	3447292 	3771419 	3829234 	4270032 	4237299 	3709451 	3366846 	2720233 	2645418 	2628234 	2659642 	3239199 	3402174 	3853901 	3804431 	4280623 	4267609 	4011056 	3852744 	2968760 	2906950 	2805995 	2732753 	3091222 	3100944 	3544216 	3687023 	4235979 	4188138 	3889008 	3905619 	3059504 	2928096 	2813743 	2916289 	3374767 	3649705 	4068898 	4002454 	4558983 	4477318 	4145965 	4146748 	3240350 	3098476 	3080048 	2954791 	3438242 	3729548 	4322750 	4190281 	4792447 	4692524 	4370971 	4292569 	3357168 	3211698 	3166741 	3000391 	3569860 	3988826 	4472308 	4488328 	5020597 	4875959 	4562395 	4451318 	3534427 	3453723 	3331239 	3212830 	3896514 	4121164 	4564812 	4527742 	5171225 	5119943 	4712149 	4655096 	3645048 	3544953 	3387286 	3347858 	3973418 	4154537 	4712103 	4703777 	5175207 	5024435 	4599205 	4559827 	3446083 	3335765 	3073996 	2893121 	3393083 	3890526 	4175458 	4131981 	4854090 	4812708 	4325009 	4276934 	3357484 	3294937 	3116393 	3051339 	3700319 	3215276 	4449154 	4444855 	5124275 	5059637 	4625749 	4667985 	3721690 	3442207 	3468655 	3253563 	3924284 	4469150 	4919483 	4942149 	5629703 	5542202 	5131716 	5026206 	3809048 	3779133 	3677552 	3553952 	4180715 	4571306 	5030683 	5080549 	5761608 	5673309 	5241635 	5102217 	3946561 	3860122 	3671843 	3565772 	4344687 	4781040 	5443543 	5407814 	5936543 	5945765 	5480775 	5291811 	4101916 	4105762 	3938947 	3772322 	4492598 	5077273 	5621495 	5645814 	6073347 	6263574 	5805826 	5611791 	4323723 	4336293 	4069046 	3977418 	4654178 	5320956 	6067655 	5962631 	6571920 	6592365 	6119316 	5930716 	4700429 	4604308 	4489479 	4512292 	5252915 	5840393 	6411912 	6207078 	7078863 	7119431 	6576720 	6449416 	5165683 	5213813 	5026444 	4790354 	5720426 	6528026 	6993121 	6907804 	7536772 	7611207 	7047173 	6978713 	5660201 	5440063 	5413261 	5239287 	6154618 	6733655 	7265322 	7237971 	7695856 	7789704 	7297962 	7265970 	5805354 	5745203 	5497370 	5354526 	6273861 	6928894 	7401358 	7474186 	7731539 	7860616 	7488027 	7355548 	5886956 	5939626 	5595988 	5282224 	2774524 	134002 	220531 	527223 	1691713 	2244081 	1548443 	1303816 	965518 	1306720 	: 
M,PAS,PAS_CRD,TOTAL,TOT,NO	: 	: 	: 	: 	: 	: 	: 	: 	: 	: 	: 	: 	: 	: 	: 	: 	: 	: 	: 	: 	: 	: 	: 	: 	: 	: 	: 	: 	: 	: 	: 	: 	: 	: 	: 	: 	: 	: 	: 	: 	: 	: 	: 	: 	: 	: 	: 	: 	: 	: 	: 	: 	: 	: 	: 	: 	: 	: 	: 	: 	: 	: 	: 	: 	: 	: 	: 	: 	: 	: 	: 	: 	: 	: 	: 	: 	: 	: 	: 	: 	: 	: 	: 	: 	: 	: 	: 	: 	: 	: 	: 	: 	: 	: 	: 	: 	: 	: 	: 	: 	: 	: 	: 	: 	: 	: 	: 	: 	1266270 	1324129 	1455578 	1555438 	1622001 	1792476 	1722381 	1717150 	1701754 	1721316 	1507896 	1245560 	1279709 	1335493 	1527803 	1460000 	1606375 	1849558 	1680616 	1704614 	1672838 	1768968 	1584785 	1354331 	1342526 	1478343 	1711437 	1551695 	1658219 	2000968 	1746865 	1769243 	1591839 	1848664 	1499718 	1421902 	1313116 	1523450 	1484329 	1748267 	1922399 	476479 	735214 	1959665 	2035641 	2001461 	1785796 	1593133 	1587591 	1646394 	1962638 	1737539 	2118943 	2375216 	2213895 	2261801 	2194261 	2259537 	1993975 	1700716 	1765333 	1798150 	2154363 	2009873 	2299909 	2558287 	2400749 	2411925 	2459026 	2464218 	2215396 	1848402 	1933084 	2069411 	2222060 	2401662 	2401376 	2742985 	2580140 	2465194 	2540877 	2496958 	2048775 	1814633 	1819336 	1910723 	2217951 	2190037 	2357141 	2705750 	2656471 	2532496 	2532320 	2566977 	2240196 	1946221 	1935960 	2028942 	2398396 	1734707 	2583839 	2904892 	2959234 	2853185 	2809223 	2827636 	2391644 	2090791 	2096677 	2150526 	2569396 	2549220 	2877185 	3134770 	3180199 	2977648 	3016375 	3024297 	2575743 	2251486 	2252515 	2410988 	2798324 	2654649 	3063575 	3242581 	3457613 	3215461 	3207642 	3179052 	2754849 	2354976 	2353346 	2481438 	2787842 	2967096 	3200069 	3562969 	3794724 	3458703 	3393453 	3347082 	2826119 	2513523 	2495009 	2539066 	2957999 	3067109 	3256373 	3781196 	3832517 	3510699 	3448621 	3393742 	2809410 	2511454 	2424874 	2556072 	2932322 	2983248 	3274360 	3702865 	3860820 	3538347 	3460537 	3380538 	2861991 	2527078 	2463567 	2687167 	2985088 	2943188 	3330222 	3672794 	3779389 	3535817 	3441932 	3431930 	2848087 	2608365 	2559648 	2631931 	3089413 	3058976 	3362704 	3770376 	3940583 	3675007 	3535065 	3507313 	2943422 	2665340 	2630822 	2733297 	3130773 	3239034 	3500881 	3820443 	4104197 	3817279 	3646874 	3596184 	3055466 	2754855 	2717582 	2790875 	3230709 	3161663 	3449398 	3922975 	4110585 	3801329 	3724069 	3631249 	2991109 	2816894 	2749910 	2825852 	1399155 	197573 	310026 	577959 	1125404 	1095559 	890212 	889300 	513030 	642903 	: 
M,PAS,PAS_CRD,TOTAL,TOT,PL	: 	: 	: 	: 	: 	: 	: 	: 	: 	: 	: 	: 	: 	: 	: 	: 	: 	: 	: 	: 	: 	: 	: 	: 	: 	: 	: 	: 	: 	: 	: 	: 	: 	: 	: 	: 	: 	: 	: 	: 	: 	: 	: 	: 	: 	: 	: 	: 	: 	: 	: 	: 	: 	: 	: 	: 	: 	: 	: 	: 	: 	: 	: 	: 	: 	: 	: 	: 	: 	: 	: 	: 	: 	: 	: 	: 	: 	: 	: 	: 	: 	: 	: 	: 	: 	: 	: 	: 	: 	: 	: 	: 	: 	: 	: 	: 	: 	: 	: 	: 	: 	: 	: 	: 	: 	: 	: 	: 	: 	: 	: 	: 	: 	: 	: 	: 	: 	: 	: 	: 	: 	: 	: 	: 	: 	: 	: 	: 	: 	: 	: 	: 	343139 	335892 	404749 	440740 	517530 	597216 	630643 	651217 	661817 	584925 	467793 	456225 	442180 	408236 	483752 	546048 	633870 	711232 	738950 	737030 	745354 	618883 	506176 	508614 	788226 	740918 	916060 	908028 	1199760 	1352334 	1508193 	1521918 	1489035 	1307755 	968452 	1037124 	1037083 	1001375 	1186147 	1303933 	1482591 	1619430 	1805823 	1840604 	1779690 	1582283 	1267673 	1213446 	1237870 	1227767 	1407622 	1466317 	1712229 	1845196 	2085273 	2012308 	1925557 	1551798 	1147375 	1108053 	1074984 	1036054 	1161951 	1288930 	1475157 	1686471 	1947612 	1861519 	1772377 	1466308 	1141624 	1133912 	1102669 	1080644 	1303859 	1139301 	1643950 	1901034 	2144399 	2113598 	1902745 	1639194 	1240583 	1171139 	1248411 	1153059 	1376838 	1544777 	1831676 	2067128 	2331393 	2313378 	2216804 	1769415 	1404737 	1378056 	1333854 	1280964 	1485978 	1790288 	2084217 	2339536 	2541746 	2326622 	2160440 	1761707 	1326305 	1369108 	1400616 	1347050 	1576466 	1861526 	2139072 	2343424 	2647047 	2624660 	2440270 	1946844 	1509086 	1438423 	1512769 	1454630 	1679867 	1916665 	2274462 	2611773 	2896960 	2917421 	2685396 	2218452 	1811495 	1734532 	1718995 	1701417 	1957806 	2213720 	2565308 	2967020 	3254547 	3186422 	2927441 	2427350 	2004618 	1982795 	1955264 	1949700 	2204946 	2439266 	2797551 	3171901 	3502298 	3482820 	3284762 	2761280 	2359552 	2357521 	2309994 	2222509 	2560537 	2817652 	3221586 	3687329 	4120443 	4090307 	3848917 	3309933 	2754558 	2740903 	2713854 	2607414 	2986682 	3338476 	3801689 	4385659 	4845896 	4835478 	4487209 	3737855 	3040599 	2986737 	2871991 	2827435 	3209758 	3600254 	4170994 	4645693 	4989532 	5046680 	4734704 	4071926 	3396008 	3377796 	3240341 	3107434 	1206477 	13423 	7694 	79486 	: 	: 	: 	: 	: 	: 	: 
M,PAS,PAS_CRD,TOTAL,TOT,PT	: 	: 	: 	: 	: 	: 	: 	: 	: 	: 	: 	: 	: 	: 	: 	: 	: 	: 	: 	: 	: 	: 	: 	: 	: 	: 	: 	: 	: 	: 	: 	: 	: 	: 	: 	: 	: 	: 	: 	: 	: 	: 	: 	: 	: 	: 	: 	: 	: 	: 	: 	: 	: 	: 	: 	: 	: 	: 	: 	: 	: 	: 	: 	: 	: 	: 	: 	: 	: 	: 	: 	: 	: 	: 	: 	: 	: 	: 	: 	: 	: 	: 	: 	: 	: 	: 	: 	: 	: 	: 	: 	: 	: 	: 	: 	: 	: 	: 	: 	: 	: 	: 	: 	: 	: 	: 	: 	: 	: 	: 	: 	: 	: 	: 	: 	: 	: 	: 	: 	: 	: 	: 	: 	: 	: 	: 	: 	: 	: 	: 	: 	: 	1020003 	1049867 	1226477 	1609894 	1671796 	1837819 	2042122 	2248828 	1916567 	1627040 	1078454 	1094288 	1188325 	1117770 	1510017 	1608003 	1825574 	1879899 	2243579 	2461929 	2098954 	1816086 	1264352 	1260165 	1236577 	1178684 	1496042 	1964154 	1998251 	2048810 	2418908 	2597738 	2230148 	2021208 	1411604 	1426071 	1376588 	1330800 	1741454 	2060583 	2167304 	2242462 	2693880 	2871207 	2532485 	2188090 	1582874 	1538511 	1488365 	1485355 	1999273 	2012749 	2347840 	2370609 	2774797 	2977681 	2520887 	2171218 	1514405 	1519722 	1413106 	1321404 	1628844 	2121157 	2162312 	2228021 	2663771 	2876925 	2392642 	2166658 	1542792 	1598681 	1472232 	1433205 	1772630 	1917346 	2250234 	2404705 	2925232 	3161435 	2681895 	2431524 	1620822 	1664240 	1592770 	1453116 	1891305 	2444347 	2535168 	2635513 	3128150 	3260928 	2865020 	2529331 	1585061 	1658998 	1598125 	1553792 	1911105 	2425516 	2522044 	2708721 	3204945 	3315357 	2941023 	2574315 	1716050 	1715261 	1616042 	1555465 	2025485 	2425026 	2766882 	2869982 	3343127 	3515661 	3095800 	2756451 	1843126 	1881099 	1752776 	1674701 	2108793 	2811629 	3021240 	3151622 	3642049 	3853854 	3392435 	3030231 	2048082 	2073209 	2000508 	1928087 	2420023 	3025639 	3292913 	3519610 	3991036 	4181933 	3713303 	3361709 	2301991 	2269062 	2180275 	2217209 	2722606 	3251850 	3724110 	3904732 	4480139 	4690153 	4257952 	3958885 	2763566 	2778567 	2631630 	2620955 	3176774 	4160684 	4369288 	4637108 	5167344 	5257066 	4880541 	4473343 	3151693 	3146631 	2954239 	2903202 	3626533 	4405749 	4766547 	4935177 	5382070 	5466601 	5121575 	4791162 	3361153 	3304590 	3144946 	3073012 	3887833 	4859871 	5116936 	5392085 	5799800 	5910963 	5474990 	5047546 	3666403 	3633509 	3415852 	3439325 	1831056 	31985 	77081 	284709 	1157154 	1941565 	1635649 	: 	: 	: 	: 
M,PAS,PAS_CRD,TOTAL,TOT,RO	: 	: 	: 	: 	: 	: 	: 	: 	: 	: 	: 	: 	: 	: 	: 	: 	: 	: 	: 	: 	: 	: 	: 	: 	: 	: 	: 	: 	: 	: 	: 	: 	: 	: 	: 	: 	: 	: 	: 	: 	: 	: 	: 	: 	: 	: 	: 	: 	: 	: 	: 	: 	: 	: 	: 	: 	: 	: 	: 	: 	: 	: 	: 	: 	: 	: 	: 	: 	: 	: 	: 	: 	: 	: 	: 	: 	: 	: 	: 	: 	: 	: 	: 	: 	: 	: 	: 	: 	: 	: 	: 	: 	: 	: 	: 	: 	: 	: 	: 	: 	: 	: 	: 	: 	: 	: 	: 	: 	: 	: 	: 	: 	: 	: 	: 	: 	: 	: 	: 	: 	: 	: 	: 	: 	: 	: 	: 	: 	: 	: 	: 	: 	: 	: 	: 	: 	: 	: 	: 	: 	: 	: 	: 	: 	221332 	196322 	233268 	255413 	290424 	312555 	370446 	387642 	361362 	316158 	270213 	278648 	282479 	239433 	374245 	466098 	366179 	389861 	590172 	441008 	427615 	518241 	418186 	386617 	477887 	414883 	394254 	532794 	518250 	636214 	733434 	898636 	587056 	506630 	515611 	692950 	674847 	424725 	453333 	634279 	714953 	763237 	835210 	886346 	833387 	677303 	516144 	617503 	509734 	470435 	575859 	643442 	642534 	737622 	840872 	886814 	807217 	669193 	579265 	621070 	590930 	528116 	657611 	647471 	731926 	820277 	926526 	974094 	889422 	747422 	663658 	671496 	657421 	581679 	681002 	803467 	856530 	916668 	991844 	1019269 	970996 	841676 	677046 	689858 	657077 	541357 	685541 	812732 	847431 	916364 	1028325 	1054823 	975672 	815672 	659907 	679325 	661326 	571487 	714931 	776647 	897016 	957116 	1054749 	1073249 	1004498 	844809 	726004 	735101 	682187 	624684 	726588 	869071 	920899 	1044960 	1151537 	1165977 	1094131 	966097 	818137 	843219 	800361 	748383 	879055 	1025725 	1066544 	1186761 	1311140 	1329863 	1239299 	1090903 	954481 	948196 	923427 	913013 	1042398 	1140023 	1272960 	1363854 	1539062 	1596717 	1528916 	1385783 	1197198 	1250368 	1182716 	1117225 	1293256 	1465165 	1537760 	1634786 	1830763 	1888352 	1756433 	1620942 	1309112 	1298264 	1302080 	1209425 	1412996 	1607565 	1661018 	1794339 	2041856 	2095707 	1959172 	1783417 	1471353 	1470714 	1441209 	1350979 	1517764 	1711251 	1869355 	1992254 	2178600 	2261977 	2076963 	1895219 	1613840 	1636793 	1536188 	1409947 	638893 	44933 	44906 	116011 	571531 	690804 	628514 	: 	: 	: 	: 
M,PAS,PAS_CRD,TOTAL,TOT,RS	: 	: 	: 	: 	: 	: 	: 	: 	: 	: 	: 	: 	: 	: 	: 	: 	: 	: 	: 	: 	: 	: 	: 	: 	: 	: 	: 	: 	: 	: 	: 	: 	: 	: 	: 	: 	: 	: 	: 	: 	: 	: 	: 	: 	: 	: 	: 	: 	: 	: 	: 	: 	: 	: 	: 	: 	: 	: 	: 	: 	: 	: 	: 	: 	: 	: 	: 	: 	: 	: 	: 	: 	: 	: 	: 	: 	: 	: 	: 	: 	: 	: 	: 	: 	: 	: 	: 	: 	: 	: 	: 	: 	: 	: 	: 	: 	: 	: 	: 	: 	: 	: 	: 	: 	: 	: 	: 	: 	: 	: 	: 	: 	: 	: 	: 	: 	: 	: 	: 	: 	: 	: 	: 	: 	: 	: 	: 	: 	: 	: 	: 	: 	: 	: 	: 	: 	: 	: 	: 	: 	: 	: 	: 	: 	: 	: 	: 	: 	: 	: 	: 	: 	: 	: 	: 	: 	: 	: 	: 	: 	: 	: 	: 	: 	: 	: 	: 	: 	: 	: 	: 	: 	: 	: 	: 	: 	: 	: 	: 	: 	: 	: 	: 	: 	: 	: 	: 	: 	: 	: 	: 	: 	: 	: 	: 	: 	: 	: 	: 	: 	: 	: 	: 	: 	: 	: 	: 	: 	: 	: 	: 	: 	: 	: 	: 	: 	: 	: 	: 	: 	: 	: 	: 	: 	: 	: 	: 	: 	: 	: 	: 	: 	: 	: 	: 	: 	: 	: 	: 	: 	: 	: 	: 	: 	: 	: 	: 	: 	: 	: 	: 	: 	: 	: 	: 	: 	: 	: 	: 	: 	: 	: 	: 	: 	: 	: 	: 	: 	: 	: 	: 	: 	: 	: 	: 	: 	267792 	247208 	286497 	331287 	376881 	410523 	518687 	517898 	454810 	389653 	303675 	309947 	298575 	258239 	313442 	378162 	397754 	461140 	564378 	569220 	501381 	429415 	323574 	332891 	336947 	306911 	363370 	440945 	474922 	524490 	643406 	655690 	547698 	482161 	373682 	371028 	372364 	339199 	398806 	496653 	537239 	631590 	734858 	756919 	646748 	606055 	465878 	464334 	442925 	395690 	179778 	5894 	10160 	78531 	125379 	176727 	207386 	: 	: 	: 	: 
M,PAS,PAS_CRD,TOTAL,TOT,SE	: 	: 	: 	: 	: 	: 	: 	: 	: 	: 	: 	: 	: 	: 	: 	: 	: 	: 	: 	: 	: 	: 	: 	: 	: 	: 	: 	: 	: 	: 	: 	: 	: 	: 	: 	: 	: 	: 	: 	: 	: 	: 	: 	: 	: 	: 	: 	: 	: 	: 	: 	: 	: 	: 	: 	: 	: 	: 	: 	: 	: 	: 	: 	: 	: 	: 	: 	: 	: 	: 	: 	: 	: 	: 	: 	: 	: 	: 	: 	: 	: 	: 	: 	: 	: 	: 	: 	: 	: 	: 	: 	: 	: 	: 	: 	: 	: 	: 	: 	: 	: 	: 	: 	: 	: 	: 	: 	: 	: 	: 	: 	: 	: 	: 	: 	: 	: 	: 	: 	: 	: 	: 	: 	: 	: 	: 	: 	: 	: 	: 	: 	: 	1317399 	1412852 	1685443 	1658577 	1815532 	1910843 	1586155 	1750370 	1871954 	1816081 	1646431 	1485376 	1405611 	1455503 	1710192 	1740627 	1886285 	2025168 	1697696 	1821571 	2014413 	1911004 	1766380 	1562719 	1777742 	1786214 	2134485 	2124677 	2391363 	2434748 	2110109 	2271733 	2382713 	2340690 	2117603 	1872644 	1836264 	1857026 	2248107 	2168419 	2388607 	2517941 	2242936 	2392927 	2517743 	2488277 	2289770 	2019236 	2003734 	2085137 	2344691 	2363522 	2603362 	2660572 	2353965 	2466974 	2567328 	2472667 	2032981 	1862417 	1733067 	1753626 	2086058 	2076872 	2249275 	2402398 	2173995 	2251918 	2307655 	2282222 	2032459 	1869239 	1750487 	1805106 	2213762 	1611699 	2424184 	2556704 	2403868 	2504682 	2599314 	2533992 	2224991 	2017975 	1953084 	1944805 	2344965 	2426121 	2776014 	2817887 	2700228 	2698423 	2816920 	2727798 	2366802 	2159200 	2063957 	2095665 	2459172 	2516209 	2806208 	2877018 	2729520 	2754328 	2810983 	2765716 	2393372 	2078701 	2031207 	2028734 	2404753 	2580425 	2910807 	3014715 	2963348 	2941941 	2959758 	2900813 	2459147 	2247577 	2171020 	2142331 	2515145 	2707337 	2978260 	3237905 	3105789 	3070232 	3033431 	3013014 	2481019 	2310560 	2201578 	2205212 	2598818 	2767361 	3060472 	3289800 	3282679 	3211651 	3232347 	3118744 	2626889 	2415712 	2327305 	2426724 	2824061 	2857043 	3248608 	3379659 	3482287 	3355740 	3361783 	3227602 	2799992 	2661754 	2548194 	2516505 	2960279 	3124885 	3553039 	3681663 	3790568 	3637417 	3557400 	3423537 	2929925 	2732795 	2645161 	2603039 	3142067 	3235259 	3540823 	3731574 	3837942 	3671690 	3523997 	3399993 	2898917 	2714634 	2571315 	2514946 	2941902 	3068756 	3409232 	3684354 	3714250 	3583939 	3468587 	3293082 	2716695 	2647201 	2477270 	2423699 	1185537 	: 	: 	: 	: 	: 	: 	: 	: 	: 	: 
M,PAS,PAS_CRD,TOTAL,TOT,SI	: 	: 	: 	: 	: 	: 	: 	: 	: 	: 	: 	: 	: 	: 	: 	: 	: 	: 	: 	: 	: 	: 	: 	: 	: 	: 	: 	: 	: 	: 	: 	: 	: 	: 	: 	: 	: 	: 	: 	: 	: 	: 	: 	: 	: 	: 	: 	: 	: 	: 	: 	: 	: 	: 	: 	: 	: 	: 	: 	: 	: 	: 	: 	: 	: 	: 	: 	: 	: 	: 	: 	: 	: 	: 	: 	: 	: 	: 	: 	: 	: 	: 	: 	: 	: 	: 	: 	: 	: 	: 	: 	: 	: 	: 	: 	: 	: 	: 	: 	: 	: 	: 	: 	: 	: 	: 	: 	: 	: 	: 	: 	: 	: 	: 	: 	: 	: 	: 	: 	: 	: 	: 	: 	: 	: 	: 	: 	: 	: 	: 	: 	: 	58560 	54303 	57020 	68609 	85484 	106006 	131254 	133902 	115299 	90991 	71628 	73106 	71027 	64398 	77320 	85306 	93466 	121426 	155094 	151705 	135098 	104541 	80936 	76850 	77503 	72597 	85154 	89788 	110311 	129882 	166899 	168367 	145742 	114544 	87629 	78917 	81866 	78064 	91333 	107453 	122747 	152172 	184328 	181023 	169267 	139907 	102294 	93992 	94880 	97225 	110366 	135433 	148179 	180234 	202971 	194259 	169436 	138357 	94715 	82922 	78822 	72201 	84315 	105014 	117782 	148282 	185835 	185820 	154251 	122132 	88506 	80431 	77426 	73821 	87937 	49478 	122920 	143262 	188943 	196193 	156074 	121760 	84918 	79609 	76725 	73379 	88116 	105974 	117676 	142041 	172260 	167795 	147196 	112567 	82910 	72153 	66588 	68612 	82513 	93078 	100190 	116170 	143571 	135835 	126808 	94825 	76379 	63308 	64366 	65692 	81785 	97807 	115488 	128936 	152199 	153564 	135136 	109756 	83513 	77524 	75317 	75132 	86324 	99129 	107401 	127746 	147871 	162798 	143071 	117440 	84507 	80392 	73096 	72252 	90902 	112310 	128070 	149291 	171445 	179590 	157020 	127953 	93800 	80274 	73494 	77976 	93923 	100549 	116499 	135757 	163219 	165069 	151446 	131941 	98970 	95309 	89396 	89864 	108964 	132239 	146257 	155990 	198138 	196416 	180380 	153588 	121520 	109381 	100366 	99125 	129806 	157514 	167716 	175795 	199129 	202259 	191453 	161433 	117375 	108596 	103134 	105167 	133403 	157992 	169818 	188649 	206772 	211595 	171981 	99229 	85786 	85513 	75472 	79776 	36094 	190 	111 	4991 	20992 	28024 	21686 	10775 	4254 	5422 	: 
M,PAS,PAS_CRD,TOTAL,TOT,SK	: 	: 	: 	: 	: 	: 	: 	: 	: 	: 	: 	: 	: 	: 	: 	: 	: 	: 	: 	: 	: 	: 	: 	: 	: 	: 	: 	: 	: 	: 	: 	: 	: 	: 	: 	: 	: 	: 	: 	: 	: 	: 	: 	: 	: 	: 	: 	: 	: 	: 	: 	: 	: 	: 	: 	: 	: 	: 	: 	: 	: 	: 	: 	: 	: 	: 	: 	: 	: 	: 	: 	: 	: 	: 	: 	: 	: 	: 	: 	: 	: 	: 	: 	: 	: 	: 	: 	: 	: 	: 	: 	: 	: 	: 	: 	: 	: 	: 	: 	: 	: 	: 	: 	: 	: 	: 	: 	: 	: 	: 	: 	: 	: 	: 	: 	: 	: 	: 	: 	: 	: 	: 	: 	: 	: 	: 	: 	: 	: 	: 	: 	: 	: 	: 	: 	56980 	82589 	127148 	174162 	177134 	134012 	86604 	60987 	65482 	59392 	60825 	79678 	89362 	107798 	170413 	219845 	215192 	169702 	114436 	116162 	116647 	111981 	111371 	137798 	149525 	161297 	223983 	287381 	292135 	229733 	160790 	129581 	128872 	117729 	118111 	145619 	139287 	157016 	224000 	299599 	298151 	231834 	177278 	163311 	160476 	150783 	156564 	182518 	177130 	198479 	276569 	369978 	355137 	276587 	180985 	140984 	130620 	114782 	107514 	123156 	138589 	146857 	209387 	277637 	308817 	176347 	126994 	107466 	110815 	100151 	98600 	118586 	99046 	135270 	206750 	285183 	280180 	212657 	152733 	100387 	92301 	87902 	84172 	109410 	112560 	125364 	201383 	297661 	288675 	207901 	131389 	83210 	78560 	71757 	69899 	85778 	100700 	111205 	180483 	265090 	258506 	185096 	109710 	59878 	65095 	55993 	53125 	71454 	98937 	110277 	185694 	276905 	262225 	181768 	112649 	72152 	75970 	67546 	60235 	74434 	97310 	105317 	184032 	302119 	287902 	199914 	114021 	88618 	89842 	82613 	80303 	100387 	115763 	124913 	212577 	321313 	315727 	215955 	137974 	115177 	120954 	119327 	116256 	127283 	144646 	157114 	202929 	320954 	319938 	231816 	162512 	125568 	129918 	121538 	111195 	133759 	149353 	159894 	231068 	380555 	375234 	269858 	176187 	146118 	147892 	142392 	132061 	158736 	185312 	189501 	285750 	437365 	428605 	302818 	197906 	166346 	167302 	151315 	147456 	169883 	188971 	205454 	296870 	426021 	418986 	311523 	196702 	156643 	169963 	149333 	143015 	45776 	1375 	838 	2655 	21895 	64498 	36331 	15424 	5473 	13991 	: 
M,PAS,PAS_CRD,TOTAL,TOT,UK	: 	: 	: 	: 	: 	: 	: 	: 	: 	: 	: 	: 	: 	: 	: 	: 	: 	: 	: 	: 	: 	: 	: 	: 	: 	: 	: 	: 	: 	: 	: 	: 	: 	: 	: 	: 	: 	: 	: 	: 	: 	: 	: 	: 	: 	: 	: 	: 	: 	: 	: 	: 	: 	: 	: 	: 	: 	: 	: 	: 	8653024 	8566908 	10388836 	10883494 	12760485 	13742427 	14961197 	15470946 	14590642 	13337536 	9967877 	9574411 	9340055 	9273069 	11468678 	11394593 	13213400 	14653978 	15933041 	16271774 	15273979 	14375746 	10612452 	9656364 	: 	: 	: 	: 	: 	: 	: 	: 	: 	: 	: 	: 	: 	: 	: 	: 	: 	: 	: 	: 	: 	: 	: 	: 	: 	: 	: 	: 	: 	: 	: 	: 	: 	: 	: 	: 	11270323 	11317702 	12623804 	13062006 	15415333 	16833012 	18482243 	19383358 	17649700 	16375033 	12743891 	12748863 	12027227 	12558962 	14102126 	15038048 	16502486 	18206176 	20078295 	20327350 	18841217 	17467651 	13413525 	13719649 	13192577 	13022506 	15702001 	15578366 	17850329 	19527787 	21299440 	21239892 	20011078 	18276361 	14020934 	14301633 	13687040 	13582595 	15737188 	17154627 	18621141 	20406272 	22104139 	21663165 	20369493 	18654151 	14465752 	14785077 	14062295 	13865318 	16581824 	17113520 	18927976 	20624927 	22534272 	22985400 	21138539 	19426546 	14920307 	15110436 	14050289 	14606766 	17224837 	16901683 	19230577 	20454043 	22344420 	22836253 	20260748 	18359226 	13660537 	13961091 	12942435 	12473241 	14763699 	16184893 	17334655 	18731847 	21140587 	21491122 	19176636 	17524334 	13288662 	13481859 	12254789 	12471114 	14614540 	12613558 	16650570 	18690048 	21122342 	21397885 	19456295 	18048650 	13299407 	12268536 	12707212 	12449019 	14444658 	16635915 	17925220 	19360300 	21616363 	21602203 	19944537 	17972962 	13207116 	13671248 	12794334 	12757782 	15059277 	16562599 	17791600 	19742454 	21173370 	21481747 	20021956 	18014804 	13778837 	13888255 	12737418 	12712130 	15542768 	16628828 	19041393 	20534953 	22157287 	22685429 	20770978 	18889084 	14202535 	14566177 	13470310 	13249170 	15519953 	18075203 	19861998 	21296412 	22976005 	23782567 	21599908 	19720748 	14979167 	15490681 	14341428 	14183231 	16894634 	18529782 	20791446 	22259414 	24427872 	24946702 	22742506 	21014595 	15882794 	16256033 	15285237 	15602504 	18328072 	19451507 	21879677 	23671944 	26212471 	26611629 	24248072 	22330674 	17020895 	18226191 	16837713 	16661420 	19315393 	22138439 	23581805 	25255767 	27616260 	28151384 	25668788 	23215001 	17651755 	18535729 	17134006 	16928973 	19970313 	22118281 	24278054 	26347056 	28284256 	28740892 	26089333 	24342698 	18599307 	19356986 	17837507 	17664207 	20645202 	23015529 	25030989 	26876251 	28574934 	29146198 	26045351 	24245929 	18456722 	19893561 	17974388 	17446467 	9347404 	319121 	365494 	648222 	3293014 	6357346 	5223175 	3514792 	: 	: 	: 
